Comandos Spring financeiro

alterei arquivo css C:\projetos\financeiro\financeiro-ui\node_modules\primeng\resources\themes\luna-blue\theme.css
linha 2028 

/*body .ui-table .ui-table-tbody > tr > td {
  padding: 0.571em 0.857em;
}*/


criar o projeto maven no spring initializr.
importar para o STS.

gerar o pakage feat.
botao direito na raiz do projeto - run as - maven build

Adicionar o lombok ao projeto

clica com o direito na raiz do projeto - pring - add startes - busca lombok

para a aplicacao compilar automaticamente ao salvar.

clica com o direito na raiz do projeto - pring - add DevTools

adicionar o JPA

clica com o direito na raiz do projeto - spring - add starters

outra dependencia - flyway migation 

nova dependenica - validation 
são anotacoes que sao colocadas na classe. EX:@

MUDAR O ECLIPSE PARA UTF-8

WINDOW - PREFERENCES - GENERAL - CONTENT TYPES - JAVA PROPERTS FILE - DEFAULT ENCONDING = UTF-8

Dependencia model mapper - e so implementar a dependencia no pom.

ADICIONAR JPA META MODELS - AQUELE LANCE LA DO FILTRAR.

clica com o direito na raiz do projeto - java compiler - annotation process - marca enable project especific setings



CEIANDO PROJETO FRONT END.
==========================
npm install -g @angular/cli

ng new financeiro-ui
npm install primeng --save
npm install primeicons --save

O que deu certo foi este 
------------------------
npm install primeng@4.1.0-rc.2 --save

npm install primeng@9.1.3 --save
npm install font-awesome save

altera o arquivo angular.joson ou angular cli.joson 

"styles": [
  "./node_modules/font-awesome/css/font-awesome.min.css",
  "./node_modules/primeng/resources/primeng.css",
  "./node_modules/primeng/resources/themes/omega/theme.css",
  "src/styles.css"

//Retira os pontos de os traços do cpf/cnpj
===========================================
(<HTMLSelectElement>document.getElementById('cpfCnpj')).value.match(/\d/g).join("");

pega valor do RESOURCE
======================
idDistrito: this.resourceForm.get('distritos').get('id').value


https://acervolima.com/componente-angular-primeng-tabview/

drop table estados;
drop table cidades;
drop table bairros;
drop table tipos_logradouros;
drop table logradouros;



create table estados(id int8 generated by default as identity, nome varchar(40) not null, uf varchar(2) not null, primary key (id));
create table cidades(id int8 generated by default as identity, estado_id int8 not null, nome varchar(100) not null, primary key (id));
create table bairros(id int8 generated by default as identity, cidade_id int8 not null, nome varchar(100) not null, primary key (id));
create table tipos_logradouros(id int8 generated by default as identity, descricao varchar(40) not null, sigla varchar(10) not null, primary key (id));
create table logradouros(id int8 generated by default as identity, tipo_logradouro_id int8 not null, cidade_id int8 not null, nome varchar(100) not null, primary key (id));

create table ceps(id int8 generated by default as identity, 
	bairro_id int8 not null,
	logradouro_id int8 not null,
	cep int8 not null,
	numero_ini int8 not null,
	numero_fin int8 not null,
	identificacao char(1), 
primary key (id));

create table enderecos(id int8 generated by default as identity, 
	tipo_endereco int8 not null,
	pessoa_id int8 not null,
	bairro_id int8 not null,
	logradouro_id int8 not null,
	cep_id int8 not null,
	numero int8 not null,
	complemento varchar(100), 
primary key (id));

create table contatos(id int8 generated by default as identity, 
	tipo_contato int8 not null,
	pessoa_id int8 not null,
	contato varchar(100), 
primary key (id));

create table documentos(id int8 generated by default as identity, 
	tipo_documento int8 not null,
	pessoa_id int8 not null,
	numero_documento varchar(100), 
	data_documento date, 
	data_expedicao date, 
	data_validade date,
primary key (id));

alter table pessoas add fisica_juridica char(1);
alter table pessoas add genero char(1) null;
alter table pessoas add estado_civil char(1) null;
alter table pessoas add nome_fantasia varchar(200) null;
alter table pessoas add objeto_social varchar(500) null;
alter table pessoas add tipo_empresa_id int8 null;
alter table pessoas add situacao char(1) null;


alter table cidades add constraint fk_cidades_ref_estados foreign key(estado_id) references estados(id);
alter table bairros add constraint fk_bairro_ref_cidades foreign key(cidade_id) references cidades(id);
alter table logradouros add constraint fk_tp_lograd_ref_tp_lograd foreign key(tipo_logradouro_id) references tipos_logradouros(id);
alter table logradouros add constraint fk_logradouros_ref_cidades foreign key(cidade_id) references cidades(id);
alter table ceps add constraint fk_ceps_ref_bairros foreign key(bairro_id) references bairros(id);
alter table ceps add constraint fk_ceps_ref_logradouros foreign key(logradouro_id) references logradouros(id);

alter table enderecos add constraint fk_enderecos_ref_pessoas	  	foreign key(pessoa_id) references pessoas(id);
alter table enderecos add constraint fk_enderecos_ref_bairros 		foreign key(bairro_id) references bairros(id);
alter table enderecos add constraint fk_enderecos_ref_logradouros 	foreign key(logradouro_id) references logradouros(id);
alter table enderecos add constraint fk_enderecos_ref_ceps			foreign key(cep_id) references ceps(id);
alter table contatos add constraint fk_contatos_ref_pessoas	  	foreign key(pessoa_id) references pessoas(id);
alter table documentos add constraint fk_documentos_ref_pessoas	  	foreign key(pessoa_id) references pessoas(id);

alter table cidades drop constraint fk_cidades_ref_estados;

drop table logradouros cascade;




select * from estados;
select * from cidades;
select * from bairros;
select * from tipos_logradouros;
select * from logradouros;


select 'insert into estados values('||e.id||','''||e.nome||''','''||e.sigla||''');' from estados e where pais = 30 and id not in(1,31) ;

select 'insert into cidades values('||c.id||','||c.estado||','''||c.nome||''');' from cidades c where estado = 12 and id = 4047;

select 'insert into bairros values('||b.id||','||4047||','''||b.nome||''');' from bairros b
where distrito = 10145 and nome not like 'UPG%' and nome not like 'AV.%' and nome not like 'AVENIDA%'
and id in(48939,18954,18447,48363)
ORDER BY NOME;

select 'insert into tipos_logradouros values('||tp.id||','''||tp.descricao||''','''||tp.sigla||''');' from tipos_logradouros tp;

select * from logradouros where distrito = 10145 and id in(615086,615087,615088,615089,615090,615091,615092,615093,620089,620090,620091,620092,620093,
620094,620095,620096,620370,620371,620372,620373,620374,620375);

select 'insert into logradouros values('||l.id||','||l.tipo_logradouro||','||4047||','''||l.nome||''');'
from logradouros l where distrito = 10145 and id in(615086,615087,615088,615089,615090,615091,615092,615093,620089,620090,620091,
620092,620093,620094,620095,620096,620370,620371,620372,620373,620374,620375);




package br.com.codiub.pessoas.repository;


import java.util.List;

import org.springframework.data.jpa.repository.JpaRepository;
import br.com.codiub.pessoas.entity.EmpresasPessoas;
import br.com.codiub.pessoas.repository.empresasPessoas.EmpresasPessoasRepositoryQuery;

public interface EmpresasPessoasRepository extends JpaRepository<EmpresasPessoas, Long>, EmpresasPessoasRepositoryQuery{
	
	List<EmpresasPessoas> findByPessoasEmpresasId(Long codigo); 
	
	List<EmpresasPessoas> findByPessoasPessoasId(Long codigo);
	
}


<div class="p-col-12 p-md-5 p-lg-5">
	<label for="nome" >Física/Jurídica</label>
	<div *ngFor="let fisJur of fisicaJuridica" class="p-field-checkbox">
	   <p-radioButton styleClass="radio-style" [inputId]="fisJur.key" name="fisicaJuridica" [value]="fisicaJuridica"
	   ></p-radioButton>
	   <label [for]="fisJur.key">{{fisJur.name}}</label>
	</div>
 </div>


insert into estados values(2,'ACRE','AC');
insert into estados values(3,'ALAGOAS','AL');
insert into estados values(4,'AMAZONAS','AM');
insert into estados values(5,'AMAPÁ','AP');
insert into estados values(6,'BAHIA','BA');
insert into estados values(7,'CEARÁ','CE');
insert into estados values(8,'DISTRITO FEDERAL','DF');
insert into estados values(9,'ESPÍRITO SANTO','ES');
insert into estados values(10,'GOIÁS','GO');
insert into estados values(11,'MARANHÃO','MA');
insert into estados values(12,'MINAS GERAIS','MG');
insert into estados values(13,'MATO GROSSO DO SUL','MS');
insert into estados values(14,'MATO GROSSO','MT');
insert into estados values(15,'PARÁ','PA');
insert into estados values(16,'PARAÍBA','PB');
insert into estados values(17,'PERNAMBUCO','PE');
insert into estados values(18,'PIAUÍ','PI');
insert into estados values(19,'PARANÁ','PR');
insert into estados values(20,'RIO DE JANEIRO','RJ');
insert into estados values(21,'RIO GRANDE DO NORTE','RN');
insert into estados values(22,'RONDÔNIA','RO');
insert into estados values(23,'RORAIMA','RR');
insert into estados values(24,'RIO GRANDE DO SUL','RS');
insert into estados values(25,'SANTA CATARINA','SC');
insert into estados values(26,'SERGIPE','SE');
insert into estados values(27,'SÃO PAULO','SP');
insert into estados values(28,'TOCANTINS','TO');

insert into cidades values(4854,16,'ALGODÃO DE JANDAÍRA');
insert into cidades values(4855,16,'ALHANDRA');
insert into cidades values(4856,16,'AMPARO');
insert into cidades values(4857,16,'APARECIDA');
insert into cidades values(4858,16,'ARAÇAGI');
insert into cidades values(4859,16,'ARARA');
insert into cidades values(4860,16,'ARARUNA');
insert into cidades values(4861,16,'AREIA');
insert into cidades values(4862,16,'AREIA DE BARAÚNAS');
insert into cidades values(4863,16,'AREIAL');
insert into cidades values(4865,16,'AROEIRAS');
insert into cidades values(4866,16,'RIACHÃO DO BACAMARTE');
insert into cidades values(4867,16,'ASSUNÇÃO');
insert into cidades values(4868,16,'BAÍA DA TRAIÇÃO');
insert into cidades values(4870,16,'BANANEIRAS');
insert into cidades values(4871,16,'BARAUNA');
insert into cidades values(4872,16,'BARRA DE SANTA ROSA');
insert into cidades values(4873,16,'BARRA DE SANTANA');
insert into cidades values(4874,16,'BARRA DE SÃO MIGUEL');
insert into cidades values(4876,16,'BAYEUX');
insert into cidades values(4877,16,'BELÉM');
insert into cidades values(4878,16,'BELÉM DO BREJO DO CRUZ');
insert into cidades values(4879,16,'BERNARDINO BATISTA');
insert into cidades values(4880,16,'BOA VENTURA');
insert into cidades values(4881,16,'BOA VISTA');
insert into cidades values(4882,16,'BOM JESUS');
insert into cidades values(4883,16,'BOM SUCESSO');
insert into cidades values(4885,16,'BONITO DE SANTA FÉ');
insert into cidades values(4886,16,'BOQUEIRÃO');
insert into cidades values(4887,16,'BORBOREMA');
insert into cidades values(4888,16,'BREJO DO CRUZ');
insert into cidades values(4889,16,'BREJO DOS SANTOS');
insert into cidades values(4890,16,'CAAPORÃ');
insert into cidades values(4891,16,'CABACEIRAS');
insert into cidades values(4892,16,'CABEDELO');
insert into cidades values(4894,16,'CACHOEIRA DOS ÍNDIOS');
insert into cidades values(4896,16,'CACIMBA DE AREIA');
insert into cidades values(4897,16,'CACIMBA DE DENTRO');
insert into cidades values(4898,16,'CACIMBAS');
insert into cidades values(4899,16,'CAIÇARA');
insert into cidades values(4900,16,'CAJAZEIRAS');
insert into cidades values(4901,16,'CAJAZEIRINHAS');
insert into cidades values(4902,16,'CALDAS BRANDÃO');
insert into cidades values(4903,16,'CAMALAU');
insert into cidades values(4904,16,'CAMPINA GRANDE');
insert into cidades values(4908,16,'CAPIM');
insert into cidades values(4909,16,'CARAUBAS');
insert into cidades values(4911,16,'CARRAPATEIRA');
insert into cidades values(4913,16,'CASSERENGUE');
insert into cidades values(4914,16,'CATINGUEIRA');
insert into cidades values(4916,16,'CATOLÉ DO ROCHA');
insert into cidades values(4917,16,'CATURITÉ');
insert into cidades values(4919,16,'CONCEIÇÃO');
insert into cidades values(4920,16,'CONDADO');
insert into cidades values(4921,16,'CONDE');
insert into cidades values(4922,16,'CONGO');
insert into cidades values(4923,16,'COREMAS');
insert into cidades values(4925,16,'COXIXOLA');
insert into cidades values(4926,16,'CRUZ DO ESPÍRITO SANTO');
insert into cidades values(4927,16,'CUBATI');
insert into cidades values(4928,16,'CUITÉ');
insert into cidades values(4929,16,'CUITÉ DE MAMANGUAPE');
insert into cidades values(4930,16,'CUITEGI');
insert into cidades values(4932,16,'CURRAL DE CIMA');
insert into cidades values(4933,16,'CURRAL VELHO');
insert into cidades values(4934,16,'DAMIÃO');
insert into cidades values(4935,16,'DESTERRO');
insert into cidades values(4936,16,'DIAMANTE');
insert into cidades values(4937,16,'DONA INÊS');
insert into cidades values(4938,16,'DUAS ESTRADAS');
insert into cidades values(4939,16,'EMAS');
insert into cidades values(4941,16,'ESPERANÇA');
insert into cidades values(4942,16,'FAGUNDES');
insert into cidades values(4946,16,'FREI MARTINHO');
insert into cidades values(4947,16,'GADO BRAVO');
insert into cidades values(4949,16,'GUARABIRA');
insert into cidades values(4951,16,'GURINHÉM');
insert into cidades values(4952,16,'GURJÃO');
insert into cidades values(4953,16,'IBIARA');
insert into cidades values(4954,16,'IGARACY');
insert into cidades values(4955,16,'IMACULADA');
insert into cidades values(4956,16,'INGÁ');
insert into cidades values(4957,16,'ITABAIANA');
insert into cidades values(4959,16,'ITAPORANGA');
insert into cidades values(4960,16,'ITAPOROROCA');
insert into cidades values(4961,16,'ITATUBA');
insert into cidades values(4962,16,'JACARAU');
insert into cidades values(4963,16,'JERICÓ');
insert into cidades values(4964,16,'JOÃO PESSOA');
insert into cidades values(4965,16,'JUAREZ TÁVORA');
insert into cidades values(4966,16,'JUAZEIRINHO');
insert into cidades values(4967,16,'JUNCO DO SERIDÓ');
insert into cidades values(4968,16,'JURIPIRANGA');
insert into cidades values(4969,16,'JURU');
insert into cidades values(4970,16,'LAGOA');
insert into cidades values(4971,16,'LAGOA DE DENTRO');
insert into cidades values(4973,16,'LAGOA SECA');
insert into cidades values(4974,16,'LASTRO');
insert into cidades values(4976,16,'LIVRAMENTO');
insert into cidades values(4977,16,'LOGRADOURO');
insert into cidades values(4978,16,'LUCENA');
insert into cidades values(4979,16,'MÃE D'ÁGUA');
insert into cidades values(4981,16,'MALTA');
insert into cidades values(4982,16,'MAMANGUAPE');
insert into cidades values(4983,16,'MANAÍRA');
insert into cidades values(4984,16,'MARCAÇÃO');
insert into cidades values(4985,16,'MARI');
insert into cidades values(4986,16,'MARIZÓPOLIS');
insert into cidades values(4987,16,'MASSARANDUBA');
insert into cidades values(4990,16,'MATARACA');
insert into cidades values(4991,16,'MATINHAS');
insert into cidades values(4992,16,'MATO GROSSO');
insert into cidades values(4993,16,'MATURÉIA');
insert into cidades values(4995,16,'MOGEIRO');
insert into cidades values(4996,16,'MONTADAS');
insert into cidades values(4997,16,'MONTE HOREBE');
insert into cidades values(4998,16,'MONTEIRO');
insert into cidades values(5000,16,'MULUNGU');
insert into cidades values(5002,16,'NATUBA');
insert into cidades values(5004,16,'NAZAREZINHO');
insert into cidades values(5006,16,'NOVA FLORESTA');
insert into cidades values(5007,16,'NOVA OLINDA');
insert into cidades values(5008,16,'NOVA PALMEIRA');
insert into cidades values(5012,16,'OLHO D'ÁGUA');
insert into cidades values(5013,16,'OLIVEDOS');
insert into cidades values(5014,16,'OURO VELHO');
insert into cidades values(5015,16,'PARARI');
insert into cidades values(5016,16,'PASSAGEM');
insert into cidades values(5017,16,'PATOS');
insert into cidades values(5018,16,'PAULISTA');
insert into cidades values(5019,16,'PEDRA BRANCA');
insert into cidades values(5020,16,'PEDRA LAVRADA');
insert into cidades values(5021,16,'PEDRAS DE FOGO');
insert into cidades values(5022,16,'PEDRO RÉGIS');
insert into cidades values(5025,16,'PIANCÓ');
insert into cidades values(5026,16,'PICUÍ');
insert into cidades values(5027,16,'PILAR');
insert into cidades values(5028,16,'PILÕES');
insert into cidades values(5029,16,'PILÕEZINHOS');
insert into cidades values(5033,16,'PIRPIRITUBA');
insert into cidades values(5035,16,'PITIMBU');
insert into cidades values(5036,16,'POCINHOS');
insert into cidades values(5037,16,'POÇO DANTAS');
insert into cidades values(5038,16,'POÇO DE JOSÉ DE MOURA');
insert into cidades values(5039,16,'POMBAL');
insert into cidades values(5041,16,'PRATA');
insert into cidades values(5042,16,'PRINCESA ISABEL');
insert into cidades values(5043,16,'PUXINANÃ');
insert into cidades values(5044,16,'QUEIMADAS');
insert into cidades values(5045,16,'QUIXABÁ');
insert into cidades values(5047,16,'REMÍGIO');
insert into cidades values(5048,16,'RIACHÃO');
insert into cidades values(5049,16,'RIACHÃO DO POÇO');
insert into cidades values(5050,16,'RIACHO DE SANTO ANTÔNIO');
insert into cidades values(5051,16,'RIACHO DOS CAVALOS');
insert into cidades values(5053,16,'RIO TINTO');
insert into cidades values(5056,16,'SALGADINHO');
insert into cidades values(5057,16,'SALGADO DE SÃO FÉLIX');
insert into cidades values(5058,16,'SANTA CECÍLIA');
insert into cidades values(5059,16,'SANTA CRUZ');
insert into cidades values(5061,16,'SANTA HELENA');
insert into cidades values(5062,16,'SANTA INÊS');
insert into cidades values(5063,16,'SANTA LUZIA');
insert into cidades values(5066,16,'SANTA RITA');
insert into cidades values(5068,16,'SANTA TERESINHA');
insert into cidades values(5070,16,'SANTANA DE MANGUEIRA');
insert into cidades values(5071,16,'SANTANA DOS GARROTES');
insert into cidades values(5072,16,'JOCA CLAUDINO');
insert into cidades values(5073,16,'SANTO ANDRÉ');
insert into cidades values(5074,16,'SÃO BENTO');
insert into cidades values(5075,16,'SÃO BENTINHO');
insert into cidades values(5076,16,'SÃO DOMINGOS');
insert into cidades values(5077,16,'SÃO DOMINGOS DO CARIRI');
insert into cidades values(5078,16,'SÃO FRANCISCO');
insert into cidades values(5081,16,'SÃO JOÃO DO CARIRI');
insert into cidades values(5082,16,'SÃO JOÃO DO RIO DO PEIXE');
insert into cidades values(5083,16,'SÃO JOÃO DO TIGRE');
insert into cidades values(5084,16,'SÃO JOSÉ DA LAGOA TAPADA');
insert into cidades values(5086,16,'SÃO JOSÉ DE CAIANA');
insert into cidades values(5087,16,'SÃO JOSÉ DE ESPINHARAS');
insert into cidades values(5089,16,'SÃO JOSÉ DE PIRANHAS');
insert into cidades values(5090,16,'SÃO JOSÉ DE PRINCESA');
insert into cidades values(5091,16,'SÃO JOSÉ DO BONFIM');
insert into cidades values(5092,16,'SÃO JOSÉ DO BREJO DO CRUZ');
insert into cidades values(5093,16,'SÃO JOSÉ DO SABUGI');
insert into cidades values(5094,16,'SÃO JOSÉ DOS CORDEIROS');
insert into cidades values(5095,16,'SÃO JOSÉ DOS RAMOS');
insert into cidades values(5096,16,'SÃO MAMEDE');
insert into cidades values(5097,16,'SÃO MIGUEL DE TAIPU');
insert into cidades values(5099,16,'SÃO SEBASTIÃO DE LAGOA DE ROÇA');
insert into cidades values(5100,16,'SÃO SEBASTIÃO DO UMBUZEIRO');
insert into cidades values(5101,16,'SAPÉ');
insert into cidades values(5103,16,'SÃO VICENTE DO SERIDÓ');
insert into cidades values(5104,16,'SERRA BRANCA');
insert into cidades values(5105,16,'SERRA DA RAIZ');
insert into cidades values(5106,16,'SERRA GRANDE');
insert into cidades values(5107,16,'SERRA REDONDA');
insert into cidades values(5108,16,'SERRARIA');
insert into cidades values(5109,16,'SERTÃOZINHO');
insert into cidades values(5110,16,'SOBRADO');
insert into cidades values(5111,16,'SOLÂNEA');
insert into cidades values(5112,16,'SOLEDADE');
insert into cidades values(5113,16,'SOSSEGO');
insert into cidades values(5114,16,'SOUSA');
insert into cidades values(5116,16,'SUMÉ');
insert into cidades values(5117,16,'TACIMA');
insert into cidades values(5120,16,'TAPEROÁ');
insert into cidades values(5121,16,'TAVARES');
insert into cidades values(5122,16,'TEIXEIRA');
insert into cidades values(5123,16,'TENÓRIO');
insert into cidades values(5124,16,'TRIUNFO');
insert into cidades values(5125,16,'UIRAÚNA');
insert into cidades values(5127,16,'UMBUZEIRO');
insert into cidades values(5128,16,'VÁRZEA');
insert into cidades values(5132,16,'VIEIRÓPOLIS');
insert into cidades values(5133,16,'VISTA SERRANA');
insert into cidades values(5134,16,'ZABELÊ');
insert into cidades values(285,16,'SOUZA');
insert into cidades values(25,12,'MIRAPORANGA');
insert into cidades values(425,12,'TAPUIRAMA');
insert into cidades values(475,14,'PONTES DE LACERDA');
insert into cidades values(685,12,'SANTO ANTONIO DOS CAMPOS');
insert into cidades values(769,12,'ALBERTO ISAACSON');
insert into cidades values(775,12,'CRUZ ALTA');
insert into cidades values(956,12,'FUNCHAL');
insert into cidades values(1092,12,'CAPELINHA DO BARREIRO');
insert into cidades values(1282,12,'SERRA BRANCA DE MINAS');
insert into cidades values(1285,12,'TOPÁZIO');
insert into cidades values(1353,12,'SÃO FELIX');
insert into cidades values(1379,12,'BENTÓPOLIS DE MINAS');
insert into cidades values(1416,12,'ADÃO COLARES');
insert into cidades values(1418,12,'ALEXANDRITA');
insert into cidades values(1429,12,'BALNEÁRIO CAMBORIÚ');
insert into cidades values(1452,12,'ELDORADO');
insert into cidades values(1462,12,'GUAICUI');
insert into cidades values(1466,12,'HONORÓPOLIS');
insert into cidades values(1481,12,'MARILÂNDIA');
insert into cidades values(1533,12,'FORMOSA');
insert into cidades values(1707,12,'BREJO BONITO');
insert into cidades values(1799,12,'SÃO JERÔNIMO DOS POÇÕES');
insert into cidades values(1824,12,'CAÇAREMA');
insert into cidades values(1829,12,'PINDAÍBAS');
insert into cidades values(1854,12,'SANTA RITA DA ESTRELA');
insert into cidades values(1859,14,'MIRASSOL D OESTE');
insert into cidades values(1965,12,'GUAXIMA');
insert into cidades values(2105,12,'OLÍMPIO CAMPOS');
insert into cidades values(2128,12,'SANTO ANTONIO DO NORTE');
insert into cidades values(2221,12,'MORRO DO FERRO');
insert into cidades values(2299,12,'PONCIANOS');
insert into cidades values(2400,12,'MONJOLINHO DE MINAS');
insert into cidades values(2494,12,'PENHA LONGA');
insert into cidades values(2620,12,'ABADIA DOS DOURADOS');
insert into cidades values(2621,12,'ABAETÉ');
insert into cidades values(2624,12,'ABRE CAMPO');
insert into cidades values(2626,12,'ACAIACA');
insert into cidades values(2627,12,'AÇUCENA');
insert into cidades values(2630,12,'ÁGUA BOA');
insert into cidades values(2632,12,'ÁGUA COMPRIDA');
insert into cidades values(2634,12,'AGUANIL');
insert into cidades values(2638,12,'ÁGUAS FORMOSAS');
insert into cidades values(2639,12,'ÁGUAS VERMELHAS');
insert into cidades values(2640,12,'AIMORÉS');
insert into cidades values(2641,12,'AIURUOCA');
insert into cidades values(2642,12,'ALAGOA');
insert into cidades values(2643,12,'ALBERTINA');
insert into cidades values(2645,18,'BARRA D ALCANTARA');
insert into cidades values(2649,12,'ALÉM PARAÍBA');
insert into cidades values(2651,12,'ALFENAS');
insert into cidades values(2652,12,'ALFREDO VASCONCELOS');
insert into cidades values(2654,12,'ALMENARA');
insert into cidades values(2655,12,'ALPERCATA');
insert into cidades values(2656,12,'ALPINÓPOLIS');
insert into cidades values(2657,12,'ALTEROSA');
insert into cidades values(2658,12,'ALTO CAPARAÓ');
insert into cidades values(2661,12,'ALTO JEQUITIBÁ');
insert into cidades values(2663,12,'ALTO RIO DOCE');
insert into cidades values(2666,12,'ALVARENGA');
insert into cidades values(2667,12,'ALVINÓPOLIS');
insert into cidades values(2669,12,'ALVORADA DE MINAS');
insert into cidades values(2673,12,'AMPARO DA SERRA');
insert into cidades values(2675,12,'ANDRADAS');
insert into cidades values(2676,12,'ANDRELÂNDIA');
insert into cidades values(2679,12,'ANGELÂNDIA');
insert into cidades values(2683,12,'ANTÔNIO CARLOS');
insert into cidades values(2684,12,'ANTÔNIO DIAS');
insert into cidades values(2688,12,'ANTÔNIO PRADO DE MINAS');
insert into cidades values(2691,12,'ARAÇAÍ');
insert into cidades values(2693,12,'ARACITABA');
insert into cidades values(2694,12,'ARAÇUAÍ');
insert into cidades values(2695,12,'ARAGUARI');
insert into cidades values(2698,12,'ARANTINA');
insert into cidades values(2699,12,'ARAPONGA');
insert into cidades values(2700,12,'ARAPORÃ');
insert into cidades values(2701,12,'ARAPUÁ');
insert into cidades values(2702,12,'ARAUJOS');
insert into cidades values(2704,12,'ARAXÁ');
insert into cidades values(2706,12,'ARCEBURGO');
insert into cidades values(2707,12,'ARCOS');
insert into cidades values(2708,12,'AREADO');
insert into cidades values(2710,12,'ARGIRITA');
insert into cidades values(2711,12,'ARICANDUVA');
insert into cidades values(2712,12,'ARINOS');
insert into cidades values(2716,12,'ASTOLFO DUTRA');
insert into cidades values(2717,12,'ATALÉIA');
insert into cidades values(2718,12,'AUGUSTO DE LIMA');
insert into cidades values(2723,12,'BAEPENDI');
insert into cidades values(2728,12,'BALDIM');
insert into cidades values(2729,12,'BAMBUÍ');
insert into cidades values(2730,12,'BANDEIRA');
insert into cidades values(2731,12,'BANDEIRA DO SUL');
insert into cidades values(2733,12,'BARÃO DE COCAIS');
insert into cidades values(2734,12,'BARÃO DE MONTE ALTO');
insert into cidades values(2735,12,'BARBACENA');
insert into cidades values(2737,12,'PATRIMONIO DO RIO DO PEIXE');
insert into cidades values(2741,12,'BARRA LONGA');
insert into cidades values(2749,12,'BARROSO');
insert into cidades values(2751,12,'BELA VISTA DE MINAS');
insert into cidades values(2753,12,'BELMIRO BRAGA');
insert into cidades values(2754,12,'BELO HORIZONTE');
insert into cidades values(2755,12,'BELO ORIENTE');
insert into cidades values(2757,12,'BELO VALE');
insert into cidades values(2759,12,'BERILO');
insert into cidades values(2760,12,'BERIZAL');
insert into cidades values(2761,12,'BERTÓPOLIS');
insert into cidades values(2762,12,'BETIM');
insert into cidades values(2763,12,'BIAS FORTES');
insert into cidades values(2764,12,'BICAS');
insert into cidades values(2766,12,'BIQUINHAS');
insert into cidades values(2767,18,'PAU D ARCO DO PIAUI');
insert into cidades values(2768,12,'BOA ESPERANÇA');
insert into cidades values(2772,12,'BOCAINA DE MINAS');
insert into cidades values(2773,12,'BOCAIÚVA');
insert into cidades values(2774,12,'BOM DESPACHO');
insert into cidades values(2775,12,'BOM JARDIM DE MINAS');
insert into cidades values(2777,12,'BOM JESUS DA PENHA');
insert into cidades values(2779,12,'BOM JESUS DO AMPARO');
insert into cidades values(2781,12,'BOM JESUS DO GALHO');
insert into cidades values(2784,12,'BOM REPOUSO');
insert into cidades values(2786,12,'BOM SUCESSO');
insert into cidades values(2789,12,'BONFIM');
insert into cidades values(2790,12,'BONFINÓPOLIS DE MINAS');
insert into cidades values(2791,12,'BONITO DE MINAS');
insert into cidades values(2793,12,'BORDA DA MATA');
insert into cidades values(2794,12,'BOTELHOS');
insert into cidades values(2795,12,'BOTUMIRIM');
insert into cidades values(2796,12,'BRÁS PIRES');
insert into cidades values(2797,12,'BRASILÂNDIA DE MINAS');
insert into cidades values(2798,12,'BRASÍLIA DE MINAS');
insert into cidades values(2799,12,'BRAZÓPOLIS');
insert into cidades values(2800,12,'BRAUNAS');
insert into cidades values(2805,12,'BRUMADINHO');
insert into cidades values(2809,12,'BUENO BRANDÃO');
insert into cidades values(2810,12,'BUENÓPOLIS');
insert into cidades values(2811,12,'BUGRE');
insert into cidades values(2812,12,'BURITIS');
insert into cidades values(2813,12,'BURITIZEIRO');
insert into cidades values(2815,12,'CABECEIRA GRANDE');
insert into cidades values(2816,12,'CABO VERDE');
insert into cidades values(2820,12,'SERRA DAS ARARAS');
insert into cidades values(2821,12,'CACHOEIRA DA PRATA');
insert into cidades values(2822,12,'CACHOEIRA DE MINAS');
insert into cidades values(2823,12,'CACHOEIRA DE PAJEÚ');
insert into cidades values(2830,12,'CACHOEIRA DOURADA');
insert into cidades values(2833,12,'CAETANÓPOLIS');
insert into cidades values(2834,12,'CAETÉ');
insert into cidades values(2836,12,'CAIANA');
insert into cidades values(2838,12,'CAJURI');
insert into cidades values(2839,12,'CALDAS');
insert into cidades values(2841,12,'CAMACHO');
insert into cidades values(2842,12,'CAMANDUCAIA');
insert into cidades values(2844,12,'CAMBUÍ');
insert into cidades values(2845,12,'CAMBUQUIRA');
insert into cidades values(2846,12,'CAMPANÁRIO');
insert into cidades values(2847,12,'CAMPANHA');
insert into cidades values(2848,12,'CAMPESTRE');
insert into cidades values(2850,12,'CAMPINA VERDE');
insert into cidades values(2853,12,'CAMPO AZUL');
insert into cidades values(2854,12,'CAMPO BELO');
insert into cidades values(2855,12,'CAMPO DO MEIO');
insert into cidades values(2856,12,'CAMPO FLORIDO');
insert into cidades values(2859,12,'CAMPOS ALTOS');
insert into cidades values(2860,12,'CAMPOS GERAIS');
insert into cidades values(2861,12,'CANA VERDE');
insert into cidades values(2862,12,'CANAÃ');
insert into cidades values(2865,12,'CANÁPOLIS');
insert into cidades values(2867,12,'CANDEIAS');
insert into cidades values(2869,12,'CANTAGALO');
insert into cidades values(2870,12,'CAPARAO');
insert into cidades values(2871,12,'CAPELA NOVA');
insert into cidades values(2872,12,'CAPELINHA');
insert into cidades values(2873,12,'CAPETINGA');
insert into cidades values(2874,12,'CAPIM BRANCO');
insert into cidades values(2875,12,'CAPINÓPOLIS');
insert into cidades values(2877,12,'CAPITÃO ANDRADE');
insert into cidades values(2878,12,'CAPITÃO ENÉAS');
insert into cidades values(2879,12,'CAPITÓLIO');
insert into cidades values(2880,12,'CAPUTIRA');
insert into cidades values(2881,12,'CARAÍ');
insert into cidades values(2882,12,'CARANAÍBA');
insert into cidades values(2883,12,'CARANDAÍ');
insert into cidades values(2884,12,'CARANGOLA');
insert into cidades values(2885,12,'CARATINGA');
insert into cidades values(2886,12,'CARBONITA');
insert into cidades values(2888,12,'CAREAÇU');
insert into cidades values(2891,12,'CARLOS CHAGAS');
insert into cidades values(2892,12,'CARMÉSIA');
insert into cidades values(2893,12,'CARMO DA CACHOEIRA');
insert into cidades values(2894,12,'CARMO DA MATA');
insert into cidades values(2895,12,'CARMO DE MINAS');
insert into cidades values(2896,12,'CARMO DO CAJURU');
insert into cidades values(2897,12,'CARMO DO PARANAÍBA');
insert into cidades values(2898,12,'CARMO DO RIO CLARO');
insert into cidades values(2899,12,'CARMÓPOLIS DE MINAS');
insert into cidades values(2900,12,'CARNEIRINHO');
insert into cidades values(2901,12,'CARRANCAS');
insert into cidades values(2903,12,'CARVALHÓPOLIS');
insert into cidades values(2904,12,'CARVALHOS');
insert into cidades values(2905,12,'CASA GRANDE');
insert into cidades values(2906,12,'CASCALHO RICO');
insert into cidades values(2907,12,'CÁSSIA');
insert into cidades values(2909,12,'CATAGUASES');
insert into cidades values(2911,12,'CATAS ALTAS');
insert into cidades values(2912,12,'CATAS ALTAS DA NORUEGA');
insert into cidades values(2914,12,'CATUJI');
insert into cidades values(2917,12,'CATUTI');
insert into cidades values(2918,12,'CAXAMBU');
insert into cidades values(2919,12,'CEDRO DO ABAETÉ');
insert into cidades values(2921,12,'CENTRAL DE MINAS');
insert into cidades values(2923,12,'CENTRALINA');
insert into cidades values(2925,12,'CHÁCARA');
insert into cidades values(2926,12,'CHALÉ');
insert into cidades values(2928,12,'CHAPADA DO NORTE');
insert into cidades values(2929,12,'CHAPADA GAUCHA');
insert into cidades values(2931,12,'CHIADOR');
insert into cidades values(2934,12,'CIPOTÂNEA');
insert into cidades values(2937,12,'CLARAVAL');
insert into cidades values(2939,12,'CLARO DOS POÇÕES');
insert into cidades values(2940,12,'CLÁUDIO');
insert into cidades values(2944,12,'COIMBRA');
insert into cidades values(2945,12,'COLUNA');
insert into cidades values(2946,12,'COMENDADOR GOMES');
insert into cidades values(2947,12,'COMERCINHO');
insert into cidades values(2948,12,'CONCEIÇÃO DA APARECIDA');
insert into cidades values(2949,12,'CONCEIÇÃO DA BARRA DE MINAS');
insert into cidades values(2953,12,'CONCEIÇÃO DAS ALAGOAS');
insert into cidades values(2954,12,'CONCEIÇÃO DAS PEDRAS');
insert into cidades values(2955,12,'CONCEIÇÃO DE IPANEMA');
insert into cidades values(2962,12,'CONCEIÇÃO DO MATO DENTRO');
insert into cidades values(2963,12,'CONCEIÇÃO DO PARÁ');
insert into cidades values(2965,12,'CONCEIÇÃO DO RIO VERDE');
insert into cidades values(2966,12,'CONCEIÇÃO DOS OUROS');
insert into cidades values(2970,12,'CÔNEGO MARINHO');
insert into cidades values(2971,12,'CONFINS');
insert into cidades values(2972,12,'CONGONHAL');
insert into cidades values(2973,12,'CONGONHAS');
insert into cidades values(2974,12,'CONGONHAS DO NORTE');
insert into cidades values(2975,12,'CONQUISTA');
insert into cidades values(2976,12,'CONSELHEIRO LAFAIETE');
insert into cidades values(2978,12,'CONSELHEIRO PENA');
insert into cidades values(2979,12,'CONSOLAÇÃO');
insert into cidades values(2980,12,'CONTAGEM');
insert into cidades values(2983,12,'COQUEIRAL');
insert into cidades values(2984,12,'CORAÇÃO DE JESUS');
insert into cidades values(2985,12,'CORDISBURGO');
insert into cidades values(2986,12,'CORDISLÂNDIA');
insert into cidades values(2987,12,'CORINTO');
insert into cidades values(2988,12,'COROACI');
insert into cidades values(2989,12,'COROMANDEL');
insert into cidades values(2990,12,'CORONEL FABRICIANO');
insert into cidades values(2991,12,'CORONEL MURTA');
insert into cidades values(2992,12,'CORONEL PACHECO');
insert into cidades values(2993,12,'CORONEL XAVIER CHAVES');
insert into cidades values(2994,12,'CÓRREGO DANTA');
insert into cidades values(2996,12,'CORREGO DO BOM JESUS');
insert into cidades values(2998,12,'CORREGO FUNDO');
insert into cidades values(2999,12,'CORREGO NOVO');
insert into cidades values(3006,12,'COUTO DE MAGALHÃES DE MINAS');
insert into cidades values(3008,12,'CRISÓLITA');
insert into cidades values(3010,12,'CRISTAIS');
insert into cidades values(3011,12,'CRISTÁLIA');
insert into cidades values(3012,12,'CRISTIANO OTONI');
insert into cidades values(3013,12,'CRISTINA');
insert into cidades values(3014,12,'CRUCILÂNDIA');
insert into cidades values(3015,12,'CRUZEIRO DA FORTALEZA');
insert into cidades values(3017,12,'CRUZÍLIA');
insert into cidades values(3020,12,'CUPARAQUE');
insert into cidades values(3022,12,'CURRAL DE DENTRO');
insert into cidades values(3023,12,'CURVELO');
insert into cidades values(3024,12,'DATAS');
insert into cidades values(3025,12,'DELFIM MOREIRA');
insert into cidades values(3026,12,'DELFINÓPOLIS');
insert into cidades values(3027,12,'DELTA');
insert into cidades values(3030,12,'DESCOBERTO');
insert into cidades values(3033,12,'DESTERRO DE ENTRE RIOS');
insert into cidades values(3034,12,'DESTERRO DO MELO');
insert into cidades values(3036,12,'DIAMANTINA');
insert into cidades values(3039,12,'DIOGO DE VASCONCELOS');
insert into cidades values(3040,12,'DIONÍSIO');
insert into cidades values(3041,12,'DIVINÉSIA');
insert into cidades values(3042,12,'DIVINO');
insert into cidades values(3043,12,'DIVINO DAS LARANJEIRAS');
insert into cidades values(3046,12,'DIVINOLÂNDIA DE MINAS');
insert into cidades values(3047,12,'DIVINÓPOLIS');
insert into cidades values(3048,12,'DIVISA ALEGRE');
insert into cidades values(3049,12,'DIVISA NOVA');
insert into cidades values(3050,12,'DIVISÓPOLIS');
insert into cidades values(3052,12,'DOM BOSCO');
insert into cidades values(3053,12,'DOM CAVATI');
insert into cidades values(3054,12,'DOM JOAQUIM');
insert into cidades values(3057,12,'DOM SILVÉRIO');
insert into cidades values(3058,12,'DOM VIÇOSO');
insert into cidades values(3059,12,'DONA EUZÉBIA');
insert into cidades values(3061,12,'DORES DE CAMPOS');
insert into cidades values(3062,12,'DORES DE GUANHÃES');
insert into cidades values(3063,12,'DORES DO INDAIÁ');
insert into cidades values(3065,12,'DORES DO TURVO');
insert into cidades values(3066,12,'DORESÓPOLIS');
insert into cidades values(3068,12,'DOURADOQUARA');
insert into cidades values(3071,12,'DURANDÉ');
insert into cidades values(3073,12,'ELÓI MENDES');
insert into cidades values(3075,12,'ENGENHEIRO CALDAS');
insert into cidades values(3077,12,'ENGENHEIRO NAVARRO');
insert into cidades values(3081,12,'ENTRE FOLHAS');
insert into cidades values(3082,12,'ENTRE RIOS DE MINAS');
insert into cidades values(3085,12,'ERVÁLIA');
insert into cidades values(3086,12,'ESMERALDAS');
insert into cidades values(3088,12,'ESPERA FELIZ');
insert into cidades values(3089,12,'ESPINOSA');
insert into cidades values(3090,12,'ESPÍRITO SANTO DO DOURADO');
insert into cidades values(3093,12,'ESTIVA');
insert into cidades values(3095,12,'ESTRELA DALVA');
insert into cidades values(3097,12,'ESTRELA DO INDAIÁ');
insert into cidades values(3098,12,'ESTRELA DO SUL');
insert into cidades values(3099,12,'EUGENÓPOLIS');
insert into cidades values(3101,12,'EWBANK DA CÂMARA');
insert into cidades values(3104,12,'EXTREMA');
insert into cidades values(3105,12,'FAMA');
insert into cidades values(3106,12,'FARIA LEMOS');
insert into cidades values(3110,12,'FELÍCIO DOS SANTOS');
insert into cidades values(3111,12,'FELISBURGO');
insert into cidades values(3112,12,'FELIXLÂNDIA');
insert into cidades values(3113,12,'FERNANDES TOURINHO');
insert into cidades values(3117,12,'FERROS');
insert into cidades values(3119,12,'FERVEDOURO');
insert into cidades values(3125,12,'FLORESTAL');
insert into cidades values(3128,12,'FORMIGA');
insert into cidades values(3129,12,'FORMOSO');
insert into cidades values(3130,12,'FORTALEZA DE MINAS');
insert into cidades values(3131,12,'FORTUNA DE MINAS');
insert into cidades values(3132,12,'FRANCISCO BADARÓ');
insert into cidades values(3133,12,'FRANCISCO DUMONT');
insert into cidades values(3134,12,'FRANCISCO SÁ');
insert into cidades values(3135,12,'FRANCISCÓPOLIS');
insert into cidades values(3137,12,'FREI GASPAR');
insert into cidades values(3138,12,'FREI INOCÊNCIO');
insert into cidades values(3139,12,'FREI LAGONEGRO');
insert into cidades values(3143,12,'FRONTEIRA');
insert into cidades values(3144,12,'FRONTEIRA DOS VALES');
insert into cidades values(3145,12,'FRUTA DE LEITE');
insert into cidades values(3146,12,'FRUTAL');
insert into cidades values(3148,12,'FUNILÂNDIA');
insert into cidades values(3153,12,'GALILÉIA');
insert into cidades values(3155,12,'GAMELEIRAS');
insert into cidades values(3158,12,'GLAUCILÂNDIA');
insert into cidades values(3161,12,'GOIABEIRA');
insert into cidades values(3162,12,'GOIANÁ');
insert into cidades values(3164,12,'GONÇALVES');
insert into cidades values(3165,12,'GONZAGA');
insert into cidades values(3168,12,'GOUVEIA');
insert into cidades values(3169,12,'GOVERNADOR VALADARES');
insert into cidades values(3172,12,'GRÃO MOGOL');
insert into cidades values(3174,12,'GRUPIARA');
insert into cidades values(3177,12,'GUANHÃES');
insert into cidades values(3178,12,'GUAPÉ');
insert into cidades values(3179,12,'GUARACIABA');
insert into cidades values(3180,12,'GUARACIAMA');
insert into cidades values(3181,12,'GUARANÉSIA');
insert into cidades values(3182,12,'GUARANI');
insert into cidades values(3184,12,'GUARARÁ');
insert into cidades values(3187,12,'GUARDA-MOR');
insert into cidades values(3190,12,'GUAXUPÉ');
insert into cidades values(3191,12,'GUIDOVAL');
insert into cidades values(3192,12,'GUIMARÂNIA');
insert into cidades values(3194,12,'GUIRICEMA');
insert into cidades values(3195,12,'GURINHATÃ');
insert into cidades values(3196,12,'HELIODORA');
insert into cidades values(3200,12,'IAPU');
insert into cidades values(3201,12,'IBERTIOGA');
insert into cidades values(3202,12,'IBIÁ');
insert into cidades values(3203,12,'IBIAÍ');
insert into cidades values(3204,12,'IBIRACATU');
insert into cidades values(3205,12,'IBIRACI');
insert into cidades values(3206,12,'IBIRITÉ');
insert into cidades values(3208,12,'IBITIÚRA DE MINAS');
insert into cidades values(3209,12,'IBITURUNA');
insert into cidades values(3210,12,'ICARAÍ DE MINAS');
insert into cidades values(3211,12,'IGARAPÉ');
insert into cidades values(3212,12,'IGARATINGA');
insert into cidades values(3213,12,'IGUATAMA');
insert into cidades values(3214,12,'IJACI');
insert into cidades values(3216,12,'ILICÍNEA');
insert into cidades values(3217,12,'IMBÉ DE MINAS');
insert into cidades values(3218,12,'INCONFIDENTES');
insert into cidades values(3219,12,'INDAIABIRA');
insert into cidades values(3221,12,'INDIANÓPOLIS');
insert into cidades values(3222,12,'INGAÍ');
insert into cidades values(3224,12,'INHAPIM');
insert into cidades values(3225,12,'INHAÚMA');
insert into cidades values(3226,12,'INIMUTABA');
insert into cidades values(3227,12,'IPABA');
insert into cidades values(3228,12,'IPANEMA');
insert into cidades values(3229,12,'IPATINGA');
insert into cidades values(3230,12,'IPIAÇU');
insert into cidades values(3232,12,'IPUIÚNA');
insert into cidades values(3233,12,'IRAÍ DE MINAS');
insert into cidades values(3234,12,'ITABIRA');
insert into cidades values(3235,12,'ITABIRINHA');
insert into cidades values(3236,12,'ITABIRITO');
insert into cidades values(3238,12,'ITACAMBIRA');
insert into cidades values(3239,12,'ITACARAMBI');
insert into cidades values(3242,12,'ITAGUARA');
insert into cidades values(3244,12,'ITAIPÉ');
insert into cidades values(3245,12,'ITAJUBÁ');
insert into cidades values(3247,12,'ITAMARANDIBA');
insert into cidades values(3249,12,'ITAMARATI DE MINAS');
insert into cidades values(3250,12,'ITAMBACURI');
insert into cidades values(3251,12,'ITAMBÉ DO MATO DENTRO');
insert into cidades values(3253,12,'ITAMOGI');
insert into cidades values(3254,12,'ITAMONTE');
insert into cidades values(3256,12,'ITANHANDU');
insert into cidades values(3257,12,'ITANHOMI');
insert into cidades values(3258,12,'ITAOBIM');
insert into cidades values(3259,12,'ITAPAGIPE');
insert into cidades values(3261,12,'ITAPECERICA');
insert into cidades values(3262,12,'ITAPEVA');
insert into cidades values(3265,12,'ITATIAIUÇU');
insert into cidades values(3266,12,'ITAÚ DE MINAS');
insert into cidades values(3267,12,'ITAÚNA');
insert into cidades values(3269,12,'ITAVERAVA');
insert into cidades values(3271,12,'ITINGA');
insert into cidades values(3273,12,'ITUETA');
insert into cidades values(3275,12,'ITUIUTABA');
insert into cidades values(3276,12,'ITUMIRIM');
insert into cidades values(3277,12,'ITURAMA');
insert into cidades values(3278,12,'ITUTINGA');
insert into cidades values(3279,12,'JABOTICATUBAS');
insert into cidades values(3282,12,'JACINTO');
insert into cidades values(3283,12,'JACUÍ');
insert into cidades values(3284,12,'JACUTINGA');
insert into cidades values(3285,12,'JAGUARAÇU');
insert into cidades values(3288,12,'JAÍBA');
insert into cidades values(3289,12,'JAMPRUCA');
insert into cidades values(3290,12,'JANAUBA');
insert into cidades values(3291,12,'JANUÁRIA');
insert into cidades values(3292,12,'JAPARAÍBA');
insert into cidades values(3293,12,'JAPONVAR');
insert into cidades values(3295,12,'JECEABA');
insert into cidades values(3296,12,'JENIPAPO DE MINAS');
insert into cidades values(3297,12,'JEQUERI');
insert into cidades values(3298,12,'JEQUITAÍ');
insert into cidades values(3299,12,'JEQUITIBÁ');
insert into cidades values(3300,12,'JEQUITINHONHA');
insert into cidades values(3301,12,'JESUÂNIA');
insert into cidades values(3302,12,'JOAÍMA');
insert into cidades values(3303,12,'JOANÉSIA');
insert into cidades values(3304,12,'JOÃO MONLEVADE');
insert into cidades values(3305,12,'JOÃO PINHEIRO');
insert into cidades values(3306,12,'JOAQUIM FELÍCIO');
insert into cidades values(3307,12,'JORDÂNIA');
insert into cidades values(3308,12,'JOSÉ GONÇALVES DE MINAS');
insert into cidades values(3309,12,'JOSÉ RAYDAN');
insert into cidades values(3311,12,'JOSENÓPOLIS');
insert into cidades values(3312,12,'JUATUBA');
insert into cidades values(3314,12,'OLHOS-D'AGUA');
insert into cidades values(3315,12,'JUIZ DE FORA');
insert into cidades values(3317,12,'JURAMENTO');
insert into cidades values(3319,12,'JURUAIA');
insert into cidades values(3322,12,'JUVENÍLIA');
insert into cidades values(3324,12,'LADAINHA');
insert into cidades values(3325,12,'LAGAMAR');
insert into cidades values(3327,12,'LAGOA DA PRATA');
insert into cidades values(3328,12,'LAGOA DOS PATOS');
insert into cidades values(3329,12,'LAGOA DOURADA');
insert into cidades values(3330,12,'LAGOA FORMOSA');
insert into cidades values(3331,12,'LAGOA GRANDE');
insert into cidades values(3332,12,'LAGOA SANTA');
insert into cidades values(3333,12,'LAJINHA');
insert into cidades values(3334,12,'LAMBARI');
insert into cidades values(3335,12,'LAMIM');
insert into cidades values(3338,12,'LARANJAL');
insert into cidades values(3340,12,'LASSANCE');
insert into cidades values(3341,12,'LAVRAS');
insert into cidades values(3342,12,'LEANDRO FERREIRA');
insert into cidades values(3343,12,'LEME DO PRADO');
insert into cidades values(3344,12,'LEOPOLDINA');
insert into cidades values(3346,12,'LIBERDADE');
insert into cidades values(3347,12,'LIMA DUARTE');
insert into cidades values(3348,12,'LIMEIRA DO OESTE');
insert into cidades values(3351,12,'LONTRA');
insert into cidades values(3354,12,'LUISBURGO');
insert into cidades values(3355,12,'LUISLÂNDIA');
insert into cidades values(3358,12,'LUMINÁRIAS');
insert into cidades values(3360,12,'LUZ');
insert into cidades values(3362,12,'MACHACALIS');
insert into cidades values(3363,12,'MACHADO');
insert into cidades values(3366,12,'MADRE DE DEUS DE MINAS');
insert into cidades values(3370,12,'MALACACHETA');
insert into cidades values(3371,12,'MAMONAS');
insert into cidades values(3372,12,'MANGA');
insert into cidades values(3373,12,'MANHUAÇU');
insert into cidades values(3374,12,'MANHUMIRIM');
insert into cidades values(3375,12,'MANTENA');
insert into cidades values(3378,12,'MAR DE ESPANHA');
insert into cidades values(3380,12,'MARAVILHAS');
insert into cidades values(3381,12,'MARIA DA FÉ');
insert into cidades values(3382,12,'MARIANA');
insert into cidades values(3383,12,'MARILAC');
insert into cidades values(3385,12,'MÁRIO CAMPOS');
insert into cidades values(3386,12,'MARIPÁ DE MINAS');
insert into cidades values(3387,12,'MARLIÉRIA');
insert into cidades values(3388,12,'MARMELÓPOLIS');
insert into cidades values(3390,12,'MARTINHO CAMPOS');
insert into cidades values(3392,12,'MARTINS SOARES');
insert into cidades values(3393,12,'MATA VERDE');
insert into cidades values(3394,12,'MATERLÂNDIA');
insert into cidades values(3395,12,'MATEUS LEME');
insert into cidades values(3396,12,'MATHIAS LOBATO');
insert into cidades values(3397,12,'MATIAS BARBOSA');
insert into cidades values(3398,12,'MATIAS CARDOSO');
insert into cidades values(3399,12,'MATIPÓ');
insert into cidades values(3400,12,'MATO VERDE');
insert into cidades values(3401,12,'MATOZINHOS');
insert into cidades values(3402,12,'MATUTINA');
insert into cidades values(3403,12,'MEDEIROS');
insert into cidades values(3404,12,'MEDINA');
insert into cidades values(3407,12,'MENDES PIMENTEL');
insert into cidades values(3409,12,'MERCÊS');
insert into cidades values(3411,12,'MESQUITA');
insert into cidades values(3416,12,'MINAS NOVAS');
insert into cidades values(3417,12,'MINDURI');
insert into cidades values(3418,12,'MIRABELA');
insert into cidades values(3419,12,'MIRADOURO');
insert into cidades values(3421,12,'MIRAÍ');
insert into cidades values(3425,12,'MIRAVÂNIA');
insert into cidades values(3429,12,'MOEDA');
insert into cidades values(3430,12,'MOEMA');
insert into cidades values(3432,12,'MONJOLOS');
insert into cidades values(3436,12,'MONSENHOR PAULO');
insert into cidades values(3437,12,'MONTALVÂNIA');
insert into cidades values(3438,12,'MONTE ALEGRE DE MINAS');
insert into cidades values(3439,12,'MONTE AZUL');
insert into cidades values(3440,12,'MONTE BELO');
insert into cidades values(3441,12,'MONTE CARMELO');
insert into cidades values(3443,12,'MONTE FORMOSO');
insert into cidades values(3445,12,'MONTE SANTO DE MINAS');
insert into cidades values(3446,12,'MONTE SIÃO');
insert into cidades values(3448,12,'MONTES CLAROS');
insert into cidades values(3449,12,'MONTEZUMA');
insert into cidades values(3450,12,'MORADA NOVA DE MINAS');
insert into cidades values(3452,12,'MORRO DA GARÇA');
insert into cidades values(3454,12,'MORRO DO PILAR');
insert into cidades values(3458,12,'MUNHOZ');
insert into cidades values(3460,12,'MURIAÉ');
insert into cidades values(3461,12,'MUTUM');
insert into cidades values(3462,12,'MUZAMBINHO');
insert into cidades values(3463,12,'NACIP RAYDAN');
insert into cidades values(3464,12,'NANUQUE');
insert into cidades values(3465,12,'NAQUE');
insert into cidades values(3467,12,'NATALÂNDIA');
insert into cidades values(3468,12,'NATÉRCIA');
insert into cidades values(3470,12,'NAZARENO');
insert into cidades values(3473,12,'NEPOMUCENO');
insert into cidades values(3476,12,'NINHEIRA');
insert into cidades values(3477,12,'NOVA BELÉM');
insert into cidades values(3478,12,'NOVA ERA');
insert into cidades values(3480,12,'NOVA LIMA');
insert into cidades values(3482,12,'NOVA MÓDICA');
insert into cidades values(3483,12,'NOVA PONTE');
insert into cidades values(3484,12,'NOVA PORTEIRINHA');
insert into cidades values(3485,12,'NOVA RESENDE');
insert into cidades values(3486,12,'NOVA SERRANA');
insert into cidades values(3487,12,'NOVA UNIÃO');
insert into cidades values(3489,12,'NOVO CRUZEIRO');
insert into cidades values(3491,12,'NOVO ORIENTE DE MINAS');
insert into cidades values(3492,12,'NOVORIZONTE');
insert into cidades values(3494,12,'OLARIA');
insert into cidades values(3497,12,'OLHOS D'ÁGUA');
insert into cidades values(3499,12,'OLÍMPIO NORONHA');
insert into cidades values(3500,12,'OLIVEIRA');
insert into cidades values(3501,12,'OLIVEIRA FORTES');
insert into cidades values(3502,12,'ONÇA DE PITANGUI');
insert into cidades values(3503,12,'ORATÓRIOS');
insert into cidades values(3504,12,'ORIZÂNIA');
insert into cidades values(3505,12,'OURO BRANCO');
insert into cidades values(3506,12,'OURO FINO');
insert into cidades values(3507,12,'OURO PRETO');
insert into cidades values(3508,12,'OURO VERDE DE MINAS');
insert into cidades values(3511,12,'PADRE CARVALHO');
insert into cidades values(3516,12,'PADRE PARAÍSO');
insert into cidades values(3519,12,'PAI PEDRO');
insert into cidades values(3520,12,'PAINEIRAS');
insert into cidades values(3521,12,'PAINS');
insert into cidades values(3523,12,'PAIVA');
insert into cidades values(3524,12,'PALMA');
insert into cidades values(3528,12,'PALMÓPOLIS');
insert into cidades values(3530,12,'PAPAGAIOS');
insert into cidades values(3531,12,'PARÁ DE MINAS');
insert into cidades values(3532,12,'PARACATU');
insert into cidades values(3533,12,'PARAGUAÇU');
insert into cidades values(3536,12,'PARAISÓPOLIS');
insert into cidades values(3537,12,'PARAOPEBA');
insert into cidades values(3542,12,'PASSA QUATRO');
insert into cidades values(3543,12,'PASSA TEMPO');
insert into cidades values(3544,12,'PASSA VINTE');
insert into cidades values(3545,12,'PASSABÉM');
insert into cidades values(3547,12,'PASSOS');
insert into cidades values(3548,12,'PATIS');
insert into cidades values(3549,12,'PATOS DE MINAS');
insert into cidades values(3551,12,'PATROCÍNIO');
insert into cidades values(3552,12,'PATROCÍNIO DO MURIAÉ');
insert into cidades values(3553,12,'PAULA CÂNDIDO');
insert into cidades values(3555,12,'PAULISTAS');
insert into cidades values(3556,12,'PAVÃO');
insert into cidades values(3558,12,'PEÇANHA');
insert into cidades values(3559,12,'PEDRA AZUL');
insert into cidades values(3560,12,'PEDRA BONITA');
insert into cidades values(3562,12,'PEDRA DO ANTA');
insert into cidades values(3563,12,'PEDRA DO INDAIÁ');
insert into cidades values(3565,12,'PEDRA DOURADA');
insert into cidades values(3568,12,'PEDRALVA');
insert into cidades values(3569,12,'PEDRAS DE MARIA DA CRUZ');
insert into cidades values(3570,12,'PEDRINÓPOLIS');
insert into cidades values(3571,12,'PEDRO LEOPOLDO');
insert into cidades values(3573,12,'PEDRO TEIXEIRA');
insert into cidades values(3581,12,'PEQUERI');
insert into cidades values(3582,12,'PEQUI');
insert into cidades values(3583,12,'PERDIGÃO');
insert into cidades values(3585,12,'PERDIZES');
insert into cidades values(3586,12,'PERDÕES');
insert into cidades values(3588,12,'PERIQUITO');
insert into cidades values(3590,12,'PESCADOR');
insert into cidades values(3594,12,'PIAU');
insert into cidades values(3596,12,'PIEDADE DE CARATINGA');
insert into cidades values(3597,12,'PIEDADE DE PONTE NOVA');
insert into cidades values(3599,12,'PIEDADE DO RIO GRANDE');
insert into cidades values(3600,12,'PIEDADE DOS GERAIS');
insert into cidades values(3602,12,'PIMENTA');
insert into cidades values(3604,12,'PINGO-D'ÁGUA');
insert into cidades values(3608,12,'PINTÓPOLIS');
insert into cidades values(3611,12,'PIRACEMA');
insert into cidades values(3612,12,'PIRAJUBA');
insert into cidades values(3613,12,'PIRANGA');
insert into cidades values(3614,12,'PIRANGUÇU');
insert into cidades values(3615,12,'PIRANGUINHO');
insert into cidades values(3618,12,'PIRAPETINGA');
insert into cidades values(3619,12,'PIRAPORA');
insert into cidades values(3620,12,'PIRAÚBA');
insert into cidades values(3623,12,'PITANGUI');
insert into cidades values(3625,12,'PIUMHI');
insert into cidades values(3627,12,'PLANURA');
insert into cidades values(3630,12,'POÇO FUNDO');
insert into cidades values(3632,12,'POÇOS DE CALDAS');
insert into cidades values(3633,12,'POCRANE');
insert into cidades values(3634,12,'POMPÉU');
insert into cidades values(3641,12,'PONTE NOVA');
insert into cidades values(3644,12,'PONTO CHIQUE');
insert into cidades values(3647,12,'PONTO DOS VOLANTES');
insert into cidades values(3648,12,'PORTEIRINHA');
insert into cidades values(3652,12,'PORTO FIRME');
insert into cidades values(3653,12,'POTÉ');
insert into cidades values(3654,12,'POUSO ALEGRE');
insert into cidades values(3655,12,'POUSO ALTO');
insert into cidades values(3656,12,'PRADOS');
insert into cidades values(3657,12,'PRATA');
insert into cidades values(3658,12,'PRATÁPOLIS');
insert into cidades values(3659,12,'PRATINHA');
insert into cidades values(3660,12,'PRESIDENTE BERNARDES');
insert into cidades values(3661,12,'PRESIDENTE JUSCELINO');
insert into cidades values(3662,12,'PRESIDENTE KUBITSCHEK');
insert into cidades values(3663,12,'PRESIDENTE OLEGÁRIO');
insert into cidades values(3667,12,'PRUDENTE DE MORAIS');
insert into cidades values(3670,12,'QUARTEL GERAL');
insert into cidades values(3673,12,'QUELUZITO');
insert into cidades values(3677,12,'RAPOSOS');
insert into cidades values(3678,12,'RAUL SOARES');
insert into cidades values(3681,12,'RECREIO');
insert into cidades values(3682,12,'REDUTO');
insert into cidades values(3683,12,'RESENDE COSTA');
insert into cidades values(3684,12,'RESPLENDOR');
insert into cidades values(3685,12,'RESSAQUINHA');
insert into cidades values(3686,12,'RIACHINHO');
insert into cidades values(3688,12,'RIACHO DOS MACHADOS');
insert into cidades values(3689,12,'RIBEIRÃO DAS NEVES');
insert into cidades values(3691,12,'RIBEIRÃO VERMELHO');
insert into cidades values(3694,12,'RIO ACIMA');
insert into cidades values(3695,12,'RIO CASCA');
insert into cidades values(3697,12,'RIO DO PRADO');
insert into cidades values(3698,12,'RIO DOCE');
insert into cidades values(3699,12,'RIO ESPERA');
insert into cidades values(3700,12,'RIO MANSO');
insert into cidades values(3702,12,'RIO NOVO');
insert into cidades values(3703,12,'RIO PARANAÍBA');
insert into cidades values(3704,12,'RIO PARDO DE MINAS');
insert into cidades values(3705,12,'RIO PIRACICABA');
insert into cidades values(3706,12,'RIO POMBA');
insert into cidades values(3708,12,'RIO PRETO');
insert into cidades values(3709,12,'RIO VERMELHO');
insert into cidades values(3710,12,'RITÁPOLIS');
insert into cidades values(3713,12,'ROCHEDO DE MINAS');
insert into cidades values(3715,12,'RODEIRO');
insert into cidades values(3717,12,'ROMARIA');
insert into cidades values(3718,12,'ROSÁRIO DA LIMEIRA');
insert into cidades values(3722,12,'RUBELITA');
insert into cidades values(3723,12,'RUBIM');
insert into cidades values(3724,12,'SABARÁ');
insert into cidades values(3725,12,'SABINÓPOLIS');
insert into cidades values(3726,12,'SACRAMENTO');
insert into cidades values(3727,12,'SALINAS');
insert into cidades values(3729,12,'SALTO DA DIVISA');
insert into cidades values(3731,12,'SANTA BÁRBARA');
insert into cidades values(3732,12,'SANTA BÁRBARA DO LESTE');
insert into cidades values(3733,12,'SANTA BÁRBARA DO MONTE VERDE');
insert into cidades values(3734,12,'SANTA BÁRBARA DO TUGÚRIO');
insert into cidades values(3737,12,'SANTA CRUZ DE MINAS');
insert into cidades values(3738,12,'SANTA CRUZ DE SALINAS');
insert into cidades values(3739,12,'SANTA CRUZ DO ESCALVADO');
insert into cidades values(3743,12,'SANTA EFIGÊNIA DE MINAS');
insert into cidades values(3744,12,'SANTA FÉ DE MINAS');
insert into cidades values(3746,12,'SANTA HELENA DE MINAS');
insert into cidades values(3748,12,'SANTA JULIANA');
insert into cidades values(3749,12,'SANTA LUZIA');
insert into cidades values(3751,12,'SANTA MARGARIDA');
insert into cidades values(3752,12,'SANTA MARIA DE ITABIRA');
insert into cidades values(3753,12,'SANTA MARIA DO SALTO');
insert into cidades values(3754,12,'SANTA MARIA DO SUAÇUÍ');
insert into cidades values(3756,12,'SANTA RITA DE CALDAS');
insert into cidades values(3757,12,'SANTA RITA DE JACUTINGA');
insert into cidades values(3758,12,'SANTA RITA DE MINAS');
insert into cidades values(3761,12,'SANTA RITA DO IBITIPOCA');
insert into cidades values(3762,12,'SANTA RITA DO ITUETO');
insert into cidades values(3764,12,'SANTA RITA DO SAPUCAÍ');
insert into cidades values(3766,12,'SANTA ROSA DA SERRA');
insert into cidades values(3771,12,'SANTA VITÓRIA');
insert into cidades values(3772,12,'SANTANA DA VARGEM');
insert into cidades values(3774,12,'SANTANA DE CATAGUASES');
insert into cidades values(3776,12,'SANTANA DE PIRAPAMA');
insert into cidades values(3777,12,'PONTE ALTA');
insert into cidades values(3781,12,'SANTANA DO DESERTO');
insert into cidades values(3782,12,'SANTANA DO GARAMBÉU');
insert into cidades values(3783,12,'SANTANA DO JACARÉ');
insert into cidades values(3784,12,'SANTANA DO MANHUAÇU');
insert into cidades values(3785,12,'SANTANA DO PARAÍSO');
insert into cidades values(3787,12,'SANTANA DO RIACHO');
insert into cidades values(3789,12,'SANTANA DOS MONTES');
insert into cidades values(3793,12,'SANTO ANTÔNIO DO AMPARO');
insert into cidades values(3794,12,'SANTO ANTÔNIO DO AVENTUREIRO');
insert into cidades values(3798,12,'SANTO ANTÔNIO DO GRAMA');
insert into cidades values(3799,12,'SANTO ANTÔNIO DO ITAMBÉ');
insert into cidades values(3800,12,'SANTO ANTÔNIO DO JACINTO');
insert into cidades values(3803,12,'SANTO ANTÔNIO DO MONTE');
insert into cidades values(3807,12,'SANTO ANTÔNIO DO RETIRO');
insert into cidades values(3808,12,'SANTO ANTÔNIO DO RIO ABAIXO');
insert into cidades values(3812,12,'SANTO HIPÓLITO');
insert into cidades values(3813,12,'SANTOS DUMONT');
insert into cidades values(3816,12,'SÃO BENTO ABADE');
insert into cidades values(3818,12,'SÃO BRÁS DO SUAÇUÍ');
insert into cidades values(3823,12,'SÃO DOMINGOS DAS DORES');
insert into cidades values(3824,12,'SÃO DOMINGOS DO PRATA');
insert into cidades values(3825,12,'SÃO FÉLIX DE MINAS');
insert into cidades values(3826,12,'SÃO FRANCISCO');
insert into cidades values(3827,12,'SÃO FRANCISCO DE PAULA');
insert into cidades values(3828,12,'SÃO FRANCISCO DE SALES');
insert into cidades values(3829,12,'SÃO FRANCISCO DO GLÓRIA');
insert into cidades values(3831,12,'SÃO GERALDO');
insert into cidades values(3833,12,'SÃO GERALDO DA PIEDADE');
insert into cidades values(3836,12,'SÃO GERALDO DO BAIXIO');
insert into cidades values(3838,12,'SÃO GONÇALO DO ABAETÉ');
insert into cidades values(3840,12,'SÃO GONÇALO DO PARÁ');
insert into cidades values(3841,12,'SÃO GONÇALO DO RIO ABAIXO');
insert into cidades values(3843,12,'SÃO GONÇALO DO RIO PRETO');
insert into cidades values(3844,12,'SÃO GONÇALO DO SAPUCAÍ');
insert into cidades values(3845,12,'SÃO GOTARDO');
insert into cidades values(3847,12,'SÃO JOÃO BATISTA DO GLÓRIA');
insert into cidades values(3849,12,'SÃO JOÃO DA LAGOA');
insert into cidades values(3850,12,'SÃO JOÃO DA MATA');
insert into cidades values(3851,12,'SÃO JOÃO DA PONTE');
insert into cidades values(3856,12,'SÃO JOÃO DAS MISSÕES');
insert into cidades values(3857,12,'SÃO JOÃO DEL REI');
insert into cidades values(3860,12,'SÃO JOÃO DO MANHUAÇU');
insert into cidades values(3861,12,'SÃO JOÃO DO MANTENINHA');
insert into cidades values(3862,12,'SÃO JOÃO DO ORIENTE');
insert into cidades values(3863,12,'SÃO JOÃO DO PACUÍ');
insert into cidades values(3864,12,'SÃO JOÃO DO PARAÍSO');
insert into cidades values(3865,12,'SÃO JOÃO EVANGELISTA');
insert into cidades values(3866,12,'SÃO JOÃO NEPOMUCENO');
insert into cidades values(3869,12,'SÃO JOAQUIM DE BICAS');
insert into cidades values(3870,12,'SÃO JOSÉ DA BARRA');
insert into cidades values(3872,12,'SÃO JOSÉ DA LAPA');
insert into cidades values(3874,12,'SÃO JOSÉ DA SAFIRA');
insert into cidades values(3875,12,'SÃO JOSÉ DA VARGINHA');
insert into cidades values(3878,12,'SÃO JOSÉ DO ALEGRE');
insert into cidades values(3882,12,'SÃO JOSÉ DO DIVINO');
insert into cidades values(3883,12,'SÃO JOSÉ DO GOIABAL');
insert into cidades values(3885,12,'SÃO JOSÉ DO JACURI');
insert into cidades values(3886,12,'SÃO JOSÉ DO MANTIMENTO');
insert into cidades values(3892,12,'SÃO LOURENÇO');
insert into cidades values(3895,12,'SÃO MIGUEL DO ANTA');
insert into cidades values(3897,12,'SÃO PEDRO DA UNIÃO');
insert into cidades values(3903,12,'SÃO PEDRO DO SUAÇUÍ');
insert into cidades values(3904,12,'SÃO PEDRO DOS FERROS');
insert into cidades values(3906,12,'SÃO ROMÃO');
insert into cidades values(3907,12,'SÃO ROQUE DE MINAS');
insert into cidades values(3909,12,'SÃO SEBASTIÃO DA BELA VISTA');
insert into cidades values(3911,12,'SÃO SEBASTIÃO DA VARGEM ALEGRE');
insert into cidades values(3914,12,'SÃO SEBASTIÃO DO ANTA');
insert into cidades values(3921,12,'SÃO SEBASTIÃO DO MARANHÃO');
insert into cidades values(3923,12,'SÃO SEBASTIÃO DO OESTE');
insert into cidades values(3924,12,'SÃO SEBASTIÃO DO PARAÍSO');
insert into cidades values(3926,12,'SÃO SEBASTIÃO DO RIO PRETO');
insert into cidades values(3927,12,'SÃO SEBASTIÃO DO RIO VERDE');
insert into cidades values(3933,12,'SÃO TIAGO');
insert into cidades values(3934,12,'SÃO TOMÁS DE AQUINO');
insert into cidades values(3935,12,'SÃO THOMÉ DAS LETRAS');
insert into cidades values(3938,12,'SÃO VICENTE DE MINAS');
insert into cidades values(3943,12,'SAPUCAÍ-MIRIM');
insert into cidades values(3948,12,'SARDOÁ');
insert into cidades values(3949,12,'SARZEDO');
insert into cidades values(3951,12,'SEM PEIXE');
insert into cidades values(3952,12,'SENADOR AMARAL');
insert into cidades values(3953,12,'SENADOR CORTES');
insert into cidades values(3954,12,'SENADOR FIRMINO');
insert into cidades values(3955,12,'SENADOR JOSÉ BENTO');
insert into cidades values(3957,12,'SENADOR MODESTINO GONÇALVES');
insert into cidades values(3962,12,'SENHORA DE OLIVEIRA');
insert into cidades values(3964,12,'SENHORA DO PORTO');
insert into cidades values(3965,12,'SENHORA DOS REMÉDIOS');
insert into cidades values(3967,12,'SERICITA');
insert into cidades values(3968,12,'SERITINGA');
insert into cidades values(3970,12,'SERRA AZUL DE MINAS');
insert into cidades values(3973,12,'SERRA DA SAUDADE');
insert into cidades values(3976,12,'SERRA DO SALITRE');
insert into cidades values(3977,12,'SERRA DOS AIMORÉS');
insert into cidades values(3980,12,'SERRANIA');
insert into cidades values(3981,12,'SERRANÓPOLIS DE MINAS');
insert into cidades values(3982,12,'SERRANOS');
insert into cidades values(3983,12,'SERRO');
insert into cidades values(3986,12,'SETE LAGOAS');
insert into cidades values(3987,12,'SETUBINHA');
insert into cidades values(3992,12,'SILVEIRÂNIA');
insert into cidades values(3994,12,'SILVIANÓPOLIS');
insert into cidades values(3996,12,'SIMÃO PEREIRA');
insert into cidades values(3997,12,'SIMONÉSIA');
insert into cidades values(3999,12,'SOBRÁLIA');
insert into cidades values(4000,12,'SOLEDADE DE MINAS');
insert into cidades values(4005,12,'TABULEIRO');
insert into cidades values(4006,12,'TAIOBEIRAS');
insert into cidades values(4007,12,'TAPARUBA');
insert into cidades values(4008,12,'TAPIRA');
insert into cidades values(4009,12,'TAPIRAÍ');
insert into cidades values(4011,12,'TAQUARAÇU DE MINAS');
insert into cidades values(4013,12,'TARUMIRIM');
insert into cidades values(4015,12,'TEIXEIRAS');
insert into cidades values(4017,12,'TEÓFILO OTONI');
insert into cidades values(4019,12,'TIMÓTEO');
insert into cidades values(4020,12,'TIRADENTES');
insert into cidades values(4021,12,'TIROS');
insert into cidades values(4024,12,'TOCANTINS');
insert into cidades values(4025,12,'TOCOS DO MOJI');
insert into cidades values(4026,12,'TOLEDO');
insert into cidades values(4028,12,'TOMBOS');
insert into cidades values(4032,12,'TRÊS CORAÇÕES');
insert into cidades values(4034,12,'TRÊS MARIAS');
insert into cidades values(4035,12,'TRÊS PONTAS');
insert into cidades values(4038,12,'TUMIRITINGA');
insert into cidades values(4039,12,'TUPACIGUARA');
insert into cidades values(4041,12,'TURMALINA');
insert into cidades values(4042,12,'TURVOLÂNDIA');
insert into cidades values(4043,12,'UBÁ');
insert into cidades values(4044,12,'UBAÍ');
insert into cidades values(4045,12,'UBAPORANGA');
insert into cidades values(4047,12,'UBERABA');
insert into cidades values(4048,12,'UBERLÂNDIA');
insert into cidades values(4049,12,'UMBURATIBA');
insert into cidades values(4051,12,'UNAÍ');
insert into cidades values(4052,12,'UNIÃO DE MINAS');
insert into cidades values(4053,12,'URUANA DE MINAS');
insert into cidades values(4054,12,'URUCÂNIA');
insert into cidades values(4055,12,'URUCUIA');
insert into cidades values(4062,12,'VARGEM ALEGRE');
insert into cidades values(4063,12,'VARGEM BONITA');
insert into cidades values(4064,12,'VARGEM GRANDE DO RIO PARDO');
insert into cidades values(4066,12,'VARGINHA');
insert into cidades values(4067,12,'VARJÃO DE MINAS');
insert into cidades values(4068,12,'VÁRZEA DA PALMA');
insert into cidades values(4069,12,'VARZELÂNDIA');
insert into cidades values(4071,12,'VAZANTE');
insert into cidades values(4073,12,'VERDELÂNDIA');
insert into cidades values(4076,12,'VEREDINHA');
insert into cidades values(4077,12,'VERÍSSIMO');
insert into cidades values(4079,12,'VERMELHO NOVO');
insert into cidades values(4081,12,'VESPASIANO');
insert into cidades values(4082,12,'VIÇOSA');
insert into cidades values(4083,12,'VIEIRAS');
insert into cidades values(4090,12,'VIRGEM DA LAPA');
insert into cidades values(4091,12,'VIRGÍNIA');
insert into cidades values(4092,12,'VIRGINÓPOLIS');
insert into cidades values(4093,12,'VIRGOLÂNDIA');
insert into cidades values(4094,12,'VISCONDE DO RIO BRANCO');
insert into cidades values(4098,12,'VOLTA GRANDE');
insert into cidades values(4099,12,'WENCESLAU BRAZ');
insert into cidades values(4272,14,'ACORIZAL');
insert into cidades values(4273,14,'ÁGUA BOA');
insert into cidades values(4280,14,'ALTA FLORESTA');
insert into cidades values(4281,14,'ALTO ARAGUAIA');
insert into cidades values(4282,14,'ALTO BOA VISTA');
insert into cidades values(4284,14,'ALTO GARÇAS');
insert into cidades values(4286,14,'ALTO PARAGUAI');
insert into cidades values(4288,14,'ALTO TAQUARI');
insert into cidades values(4290,14,'APIACÁS');
insert into cidades values(4291,14,'ARAGUAIANA');
insert into cidades values(4292,14,'ARAGUAINHA');
insert into cidades values(4293,14,'ARAPUTANGA');
insert into cidades values(4294,14,'ARENÁPOLIS');
insert into cidades values(4295,14,'ARIPUANÃ');
insert into cidades values(4298,14,'BARÃO DE MELGAÇO');
insert into cidades values(4299,14,'BARRA DO BUGRES');
insert into cidades values(4300,14,'BARRA DO GARÇAS');
insert into cidades values(4310,14,'BRASNORTE');
insert into cidades values(4313,14,'CÁCERES');
insert into cidades values(4315,14,'CAMPINÁPOLIS');
insert into cidades values(4316,14,'CAMPO NOVO DO PARECIS');
insert into cidades values(4317,14,'CAMPO VERDE');
insert into cidades values(4318,14,'CAMPOS DE JÚLIO');
insert into cidades values(4320,14,'CANABRAVA DO NORTE');
insert into cidades values(4321,14,'CANARANA');
insert into cidades values(4327,14,'CARLINDA');
insert into cidades values(4329,14,'CASTANHEIRA');
insert into cidades values(4331,14,'CHAPADA DOS GUIMARÃES');
insert into cidades values(4333,14,'CLÁUDIA');
insert into cidades values(4334,14,'COCALINHO');
insert into cidades values(4335,14,'COLÍDER');
insert into cidades values(4337,14,'COMODORO');
insert into cidades values(4338,14,'CONFRESA');
insert into cidades values(4341,14,'COTRIGUAÇU');
insert into cidades values(4347,14,'CUIABÁ');
insert into cidades values(4348,14,'CURVELÂNDIA');
insert into cidades values(4350,14,'DENISE');
insert into cidades values(4351,14,'DIAMANTINO');
insert into cidades values(4352,14,'DOM AQUINO');
insert into cidades values(4359,14,'FELIZ NATAL');
insert into cidades values(4360,14,'FIGUEIRÓPOLIS D'OESTE');
insert into cidades values(4364,14,'GAÚCHA DO NORTE');
insert into cidades values(4365,14,'GENERAL CARNEIRO');
insert into cidades values(4366,14,'GLÓRIA D'OESTE');
insert into cidades values(4367,14,'GUARANTÃ DO NORTE');
insert into cidades values(4369,14,'GUIRATINGA');
insert into cidades values(4372,14,'INDIAVAÍ');
insert into cidades values(4375,14,'ITAÚBA');
insert into cidades values(4376,14,'ITIQUIRA');
insert into cidades values(4377,14,'JACIARA');
insert into cidades values(4378,14,'JANGADA');
insert into cidades values(4381,14,'JAURU');
insert into cidades values(4383,14,'JUARA');
insert into cidades values(4384,14,'JUÍNA');
insert into cidades values(4385,14,'JURUENA');
insert into cidades values(4386,14,'JUSCIMEIRA');
insert into cidades values(4387,14,'LAMBARI D'OESTE');
insert into cidades values(4389,14,'LUCAS DO RIO VERDE');
insert into cidades values(4391,14,'LUCIARA');
insert into cidades values(4393,14,'MARCELÂNDIA');
insert into cidades values(4396,14,'MATUPÁ');
insert into cidades values(4398,14,'MIRASSOL D'OESTE');
insert into cidades values(4399,14,'NOBRES');
insert into cidades values(4401,14,'NORTELÂNDIA');
insert into cidades values(4403,14,'NOSSA SENHORA DO LIVRAMENTO');
insert into cidades values(4405,14,'NOVA BANDEIRANTES');
insert into cidades values(4406,14,'NOVA BRASILÂNDIA');
insert into cidades values(4408,14,'NOVA CANAÃ DO NORTE');
insert into cidades values(4411,14,'NOVA GUARITA');
insert into cidades values(4412,14,'NOVA LACERDA');
insert into cidades values(4413,14,'NOVA MARILÂNDIA');
insert into cidades values(4414,14,'NOVA MARINGÁ');
insert into cidades values(4415,14,'NOVA MONTE VERDE');
insert into cidades values(4416,14,'NOVA MUTUM');
insert into cidades values(4417,14,'NOVA OLÍMPIA');
insert into cidades values(4418,14,'NOVA UBIRATÃ');
insert into cidades values(4419,14,'NOVA XAVANTINA');
insert into cidades values(4422,14,'NOVO HORIZONTE DO NORTE');
insert into cidades values(4423,14,'NOVO MUNDO');
insert into cidades values(4425,14,'NOVO SÃO JOAQUIM');
insert into cidades values(4429,14,'PARANAÍTA');
insert into cidades values(4430,14,'PARANATINGA');
insert into cidades values(4432,14,'PEDRA PRETA');
insert into cidades values(4433,14,'PEIXOTO DE AZEVEDO');
insert into cidades values(4436,14,'PLANALTO DA SERRA');
insert into cidades values(4437,14,'POCONÉ');
insert into cidades values(4439,14,'PONTAL DO ARAGUAIA');
insert into cidades values(4440,14,'PONTE BRANCA');
insert into cidades values(4442,14,'PONTES E LACERDA');
insert into cidades values(4444,14,'PORTO ALEGRE DO NORTE');
insert into cidades values(4445,14,'PORTO DOS GAÚCHOS');
insert into cidades values(4446,14,'PORTO ESPERIDIÃO');
insert into cidades values(4447,14,'PORTO ESTRELA');
insert into cidades values(4448,14,'POXORÉU');
insert into cidades values(4451,14,'PRIMAVERA DO LESTE');
insert into cidades values(4453,14,'QUERÊNCIA');
insert into cidades values(4455,14,'RESERVA DO CABAÇAL');
insert into cidades values(4456,14,'RIBEIRÃO CASCALHEIRA');
insert into cidades values(4458,14,'RIBEIRÃOZINHO');
insert into cidades values(4459,14,'RIO BRANCO');
insert into cidades values(4462,14,'RONDONÓPOLIS');
insert into cidades values(4463,14,'ROSÁRIO OESTE');
insert into cidades values(4464,14,'SALTO DO CÉU');
insert into cidades values(4466,14,'SANTA CARMEM');
insert into cidades values(4470,14,'SANTA TEREZINHA');
insert into cidades values(4472,14,'SANTO AFONSO');
insert into cidades values(4473,14,'SANTO ANTÔNIO DO LEVERGER');
insert into cidades values(4476,14,'VALE DE SÃO DOMINGOS');
insert into cidades values(4477,14,'SÃO FÉLIX DO ARAGUAIA');
insert into cidades values(4483,14,'SÃO JOSÉ DO POVO');
insert into cidades values(4484,14,'SÃO JOSÉ DO RIO CLARO');
insert into cidades values(4485,14,'SÃO JOSÉ DO XINGU');
insert into cidades values(4486,14,'SÃO JOSÉ DOS QUATRO MARCOS');
insert into cidades values(4488,14,'SÃO PEDRO DA CIPA');
insert into cidades values(4490,14,'SAPEZAL');
insert into cidades values(4492,14,'SERRA NOVA DOURADA');
insert into cidades values(4493,14,'SINOP');
insert into cidades values(4495,14,'SORRISO');
insert into cidades values(4497,14,'TABAPORÃ');
insert into cidades values(4498,14,'TANGARÁ DA SERRA');
insert into cidades values(4500,14,'TAPURAH');
insert into cidades values(4501,14,'TERRA NOVA DO NORTE');
insert into cidades values(4503,14,'TESOURO');
insert into cidades values(4505,14,'TORIXORÉU');
insert into cidades values(4507,14,'UNIÃO DO SUL');
insert into cidades values(4511,14,'VÁRZEA GRANDE');
insert into cidades values(4512,14,'VERA');
insert into cidades values(4514,14,'VILA BELA DA SANTÍSSIMA TRINDADE');
insert into cidades values(4520,14,'VILA RICA');
insert into cidades values(4521,14,'NOVO SANTO ANTÔNIO');
insert into cidades values(4742,12,'SAO TOME DAS LETRAS');
insert into cidades values(4848,16,'ÁGUA BRANCA');
insert into cidades values(4849,16,'AGUIAR');
insert into cidades values(4850,16,'ALAGOA GRANDE');
insert into cidades values(4851,16,'ALAGOA NOVA');
insert into cidades values(4852,16,'ALAGOINHA');
insert into cidades values(4853,16,'ALCANTIL');
insert into cidades values(12947,12,'CONTRIA');
insert into cidades values(12950,12,'PRESIDENTE KUBITSCHECK');
insert into cidades values(12956,12,'SAO JOSE DO BARREIRO');
insert into cidades values(12957,12,'SAO JOAO DA SERRA NEGRA');
insert into cidades values(12958,12,'ZELANDIA');
insert into cidades values(12959,12,'PIRACAIBA');
insert into cidades values(12962,12,'ESTEIOS');
insert into cidades values(12966,12,'SETE BARRAS');
insert into cidades values(12967,12,'ITIRA');
insert into cidades values(12969,12,'SILVANIA');
insert into cidades values(12972,12,'SERRA DA CANASTRA');
insert into cidades values(12976,12,'ESTRELA DA BARRA');
insert into cidades values(12978,12,'AMARANTINA');
insert into cidades values(12979,12,'MANGABEIRA');
insert into cidades values(12985,12,'SANTO ANTÔNIO DA BOA VISTA');
insert into cidades values(12987,12,'VENDA NOVA');
insert into cidades values(12992,12,'BOA VISTA DE MINAS');
insert into cidades values(12994,12,'SÃO JOSÉ DA BELA VISTA');
insert into cidades values(12996,12,'JUSTINÓPOLIS');
insert into cidades values(13004,12,'ARGENITA');
insert into cidades values(13008,14,'NOVA AMÉRICA');
insert into cidades values(13010,12,'PERDILANDIA');
insert into cidades values(9999,12,'CIDADE 9999 (CONVERSÃO DE DADOS)');
insert into cidades values(10091,14,'CONQUISTA D'OESTE');
insert into cidades values(10092,14,'COLNIZA');
insert into cidades values(10093,14,'RONDOLÂNDIA');
insert into cidades values(10094,14,'SANTA RITA DO TRIVELATO');
insert into cidades values(10095,14,'NOVA SANTA HELENA');
insert into cidades values(10096,14,'SANTO ANTÔNIO DO LESTE');
insert into cidades values(10097,14,'NOVA NAZARÉ');
insert into cidades values(10098,14,'SANTA CRUZ DO XINGU');
insert into cidades values(10099,14,'BOM JESUS DO ARAGUAIA');
insert into cidades values(10100,18,'PAU D'ARCO DO PIAUÍ');
insert into cidades values(11019,18,'AROEIRAS DO ITAIM');
insert into cidades values(11020,14,'IPIRANGA DO NORTE');
insert into cidades values(11021,14,'ITANHANGÁ');
insert into cidades values(11896,18,'NAZÁRIA');
insert into cidades values(12788,12,'A ACERTAR');
insert into cidades values(12794,12,'PARQUE INDUSTRIAL');
insert into cidades values(12815,12,'VÁRZEA GRANDE');
insert into cidades values(12821,12,'APARECIDA DE MINAS');
insert into cidades values(12832,12,'SÃO SBASTIÃO DO PARAÍSO');
insert into cidades values(12837,12,'JUBAI');
insert into cidades values(12846,12,'MATURINA');
insert into cidades values(12848,12,'AREAS');
insert into cidades values(12857,12,'SÃO SEBASTIÃO DO PONTAL');
insert into cidades values(12858,12,'1');
insert into cidades values(12869,12,'ALTOLANDIA');
insert into cidades values(12870,12,'SANTANA DE PATOS');
insert into cidades values(12871,12,'MAJOR PORTO');
insert into cidades values(12872,12,'COLONIA JOSE TEODORO');
insert into cidades values(12873,12,'CATIARA');
insert into cidades values(12874,12,'SEM-PEIXE');
insert into cidades values(12876,14,'POXOREO');
insert into cidades values(12877,12,'PINGO D'AGUA');
insert into cidades values(12878,12,'PATRIMONIO DOS PONCIANOS');
insert into cidades values(12881,12,'DISTRITO DE PONTE ALTA');
insert into cidades values(12882,12,'BRASOPOLIS');
insert into cidades values(12885,12,'ALMEIDA CAMPOS');
insert into cidades values(5375,12,'PRESIDENTE PENA');
insert into cidades values(5376,12,'CHUMBO');
insert into cidades values(5380,12,'GALENA');
insert into cidades values(5386,12,'GUARDA DOS FERREIROS');
insert into cidades values(5390,12,'SERRA BRANCA');
insert into cidades values(5394,12,'QINTINOS');
insert into cidades values(5418,12,'SANTA CRUZ DO INDAIA');
insert into cidades values(5508,18,'ACAUÃ');
insert into cidades values(5509,18,'AGRICOLÂNDIA');
insert into cidades values(5510,18,'ÁGUA BRANCA');
insert into cidades values(5511,18,'ALAGOINHA DO PIAUÍ');
insert into cidades values(5512,18,'ALEGRETE DO PIAUÍ');
insert into cidades values(5513,18,'ALTO LONGÁ');
insert into cidades values(5514,18,'ALTOS');
insert into cidades values(5515,18,'ALVORADA DO GURGUÉIA');
insert into cidades values(5516,18,'AMARANTE');
insert into cidades values(5517,18,'ANGICAL DO PIAUÍ');
insert into cidades values(5518,18,'ANÍSIO DE ABREU');
insert into cidades values(5519,18,'ANTÔNIO ALMEIDA');
insert into cidades values(5520,18,'AROAZES');
insert into cidades values(5521,18,'ARRAIAL');
insert into cidades values(5522,18,'ASSUNÇÃO DO PIAUÍ');
insert into cidades values(5523,18,'AVELINO LOPES');
insert into cidades values(5524,18,'BAIXA GRANDE DO RIBEIRO');
insert into cidades values(5525,18,'BARRA D'ALCÂNTARA');
insert into cidades values(5526,18,'BARRAS');
insert into cidades values(5527,18,'BARREIRAS DO PIAUÍ');
insert into cidades values(5528,18,'BARRO DURO');
insert into cidades values(5529,18,'BATALHA');
insert into cidades values(5530,18,'BELA VISTA DO PIAUÍ');
insert into cidades values(5531,18,'BELÉM DO PIAUÍ');
insert into cidades values(5532,18,'BENEDITINOS');
insert into cidades values(5533,18,'BERTOLÍNIA');
insert into cidades values(5534,18,'BETÂNIA DO PIAUÍ');
insert into cidades values(5535,18,'BOA ORA');
insert into cidades values(5536,18,'BOCAINA');
insert into cidades values(5537,18,'BOM JESUS');
insert into cidades values(5538,18,'BOM PRINCÍPIO DO PIAUÍ');
insert into cidades values(5539,18,'BONFIM DO PIAUÍ');
insert into cidades values(5540,18,'BOQUEIRÃO DO PIAUÍ');
insert into cidades values(5541,18,'BRASILEIRA');
insert into cidades values(5542,18,'BREJO DO PIAUÍ');
insert into cidades values(5543,18,'BURITI DOS LOPES');
insert into cidades values(5544,18,'BURITI DOS MONTES');
insert into cidades values(5545,18,'CABECEIRAS DO PIAUÍ');
insert into cidades values(5546,18,'CAJAZEIRAS DO PIAUÍ');
insert into cidades values(5547,18,'CAJUEIRO DA PRAIA');
insert into cidades values(5548,18,'CALDEIRÃO GRANDE DO PIAUÍ');
insert into cidades values(5549,18,'CAMPINAS DO PIAUÍ');
insert into cidades values(5550,18,'CAMPO ALEGRE DO FIDALGO');
insert into cidades values(5551,18,'CAMPO GRANDE DO PIAUÍ');
insert into cidades values(5552,18,'CAMPO LARGO DO PIAUÍ');
insert into cidades values(5553,18,'CAMPO MAIOR');
insert into cidades values(5554,18,'CANAVIEIRA');
insert into cidades values(5555,18,'CANTO DO BURITI');
insert into cidades values(5556,18,'CAPITÃO DE CAMPOS');
insert into cidades values(5557,18,'CAPITÃO GERVÁSIO OLIVEIRA');
insert into cidades values(5558,18,'CARACOL');
insert into cidades values(5559,18,'CARAÚBAS DO PIAUÍ');
insert into cidades values(5560,18,'CARIDADE DO PIAUÍ');
insert into cidades values(5561,18,'CASTELO DO PIAUÍ');
insert into cidades values(5562,18,'CAXINGÓ');
insert into cidades values(5563,18,'COCAL');
insert into cidades values(5564,18,'COCAL DE TELHA');
insert into cidades values(5565,18,'COCAL DOS ALVES');
insert into cidades values(5566,18,'COIVARAS');
insert into cidades values(5567,18,'COLÔNIA DO GURGUÉIA');
insert into cidades values(5568,18,'COLÔNIA DO PIAUÍ');
insert into cidades values(5569,18,'CONCEIÇÃO DO CANINDÉ');
insert into cidades values(5570,18,'CORONEL JOSÉ DIAS');
insert into cidades values(5571,18,'CORRENTE');
insert into cidades values(5572,18,'CRISTALÂNDIA DO PIAUÍ');
insert into cidades values(5573,18,'CRISTINO CASTRO');
insert into cidades values(5574,18,'CURIMATÁ');
insert into cidades values(5575,18,'CURRAIS');
insert into cidades values(5576,18,'CURRAL NOVO DO PIAUÍ');
insert into cidades values(5577,18,'CURRALINHOS');
insert into cidades values(5578,18,'DEMERVAL LOBÃO');
insert into cidades values(5579,18,'DIRCEU ARCOVERDE');
insert into cidades values(5580,18,'DOM EXPEDITO LOPES');
insert into cidades values(5581,18,'DOM INOCÊNCIO');
insert into cidades values(5582,18,'DOMINGOS MOURÃO');
insert into cidades values(5583,18,'ELESBÃO VELOSO');
insert into cidades values(5584,18,'ELISEU MARTINS');
insert into cidades values(5585,18,'ESPERANTINA');
insert into cidades values(5586,18,'FARTURA DO PIAUÍ');
insert into cidades values(5587,18,'FLORES DO PIAUÍ');
insert into cidades values(5588,18,'FLORESTA DO PIAUÍ');
insert into cidades values(5589,18,'FLORIANO');
insert into cidades values(5590,18,'FRANCINÓPOLIS');
insert into cidades values(5591,18,'FRANCISCO AYRES');
insert into cidades values(5592,18,'FRANCISCO MACEDO');
insert into cidades values(5593,18,'FRANCISCO SANTOS');
insert into cidades values(5594,18,'FRONTEIRAS');
insert into cidades values(5595,18,'GEMINIANO');
insert into cidades values(5596,18,'GILBUÉS');
insert into cidades values(5597,18,'GUADALUPE');
insert into cidades values(5598,18,'GUARIBAS');
insert into cidades values(5599,18,'HUGO NAPOLEÃO');
insert into cidades values(5600,18,'ILHA GRANDE');
insert into cidades values(5601,18,'INHUMA');
insert into cidades values(5602,18,'IPIRANGA DO PIAUÍ');
insert into cidades values(5603,18,'ISAÍAS COELHO');
insert into cidades values(5604,18,'ITAINÓPOLIS');
insert into cidades values(5605,18,'ITAUEIRA');
insert into cidades values(5606,18,'JACOBINA DO PIAUÍ');
insert into cidades values(5607,18,'JAICÓS');
insert into cidades values(5608,18,'JARDIM DO MULATO');
insert into cidades values(5609,18,'JATOBÁ DO PIAUÍ');
insert into cidades values(5610,18,'JERUMENHA');
insert into cidades values(5611,18,'JOÃO COSTA');
insert into cidades values(5612,18,'JOAQUIM PIRES');
insert into cidades values(5613,18,'JOCA MARQUES');
insert into cidades values(5614,18,'JOSÉ DE FREITAS');
insert into cidades values(5615,18,'JUAZEIRO DO PIAUÍ');
insert into cidades values(5616,18,'JÚLIO BORGES');
insert into cidades values(5617,18,'JUREMA');
insert into cidades values(5618,18,'LAGOA ALEGRE');
insert into cidades values(5619,18,'LAGOA DE SÃO FRANCISCO');
insert into cidades values(5620,18,'LAGOA DO BARRO DO PIAUÍ');
insert into cidades values(5621,18,'LAGOA DO PIAUÍ');
insert into cidades values(5622,18,'LAGOA DO SÍTIO');
insert into cidades values(5623,18,'LAGOINHA DO PIAUÍ');
insert into cidades values(5624,18,'LANDRI SALES');
insert into cidades values(5625,18,'LUÍS CORREIA');
insert into cidades values(5626,18,'LUZILÂNDIA');
insert into cidades values(5627,18,'MADEIRO');
insert into cidades values(5628,18,'MANOEL EMÍDIO');
insert into cidades values(5629,18,'MARCOLÂNDIA');
insert into cidades values(5630,18,'MARCOS PARENTE');
insert into cidades values(5631,18,'MASSAPÊ DO PIAUÍ');
insert into cidades values(5632,18,'MATIAS OLÍMPIO');
insert into cidades values(5633,18,'MIGUEL ALVES');
insert into cidades values(5634,18,'MIGUEL LEÃO');
insert into cidades values(5635,18,'MILTON BRANDÃO');
insert into cidades values(5636,18,'MONSENHOR GIL');
insert into cidades values(5637,18,'MONSENHOR HIPÓLITO');
insert into cidades values(5638,18,'MONTE ALEGRE DO PIAUÍ');
insert into cidades values(5639,18,'MORRO CABEÇA NO TEMPO');
insert into cidades values(5640,18,'MORRO DO CHAPÉU DO PIAUÍ');
insert into cidades values(5641,18,'MURICI DOS PORTELAS');
insert into cidades values(5642,18,'NAZARÉ DO PIAUÍ');
insert into cidades values(5643,18,'NOSSA SENHORA DE NAZARÉ');
insert into cidades values(5644,18,'NOSSA SENHORA DOS REMÉDIOS');
insert into cidades values(5645,18,'NOVA SANTA RITA');
insert into cidades values(5647,18,'NOVO ORIENTE DO PIAUÍ');
insert into cidades values(5648,18,'NOVO SANTO ANTÔNIO');
insert into cidades values(5649,18,'OEIRAS');
insert into cidades values(5650,18,'OLHO D'ÁGUA DO PIAUÍ');
insert into cidades values(5651,18,'PADRE MARCOS');
insert into cidades values(5652,18,'PAES LANDIM');
insert into cidades values(5653,18,'PAJEÚ DO PIAUÍ');
insert into cidades values(5654,18,'PALMEIRA DO PIAUÍ');
insert into cidades values(5655,18,'PALMEIRAIS');
insert into cidades values(5656,18,'PAQUETÁ');
insert into cidades values(5657,18,'PARNAGUÁ');
insert into cidades values(5658,18,'PARNAÍBA');
insert into cidades values(5659,18,'PASSAGEM FRANCA DO PIAUÍ');
insert into cidades values(5660,18,'PATOS DO PIAUÍ');
insert into cidades values(5661,18,'PAULISTANA');
insert into cidades values(5662,18,'PAVUSSU');
insert into cidades values(5663,18,'PEDRO II');
insert into cidades values(5664,18,'PEDRO LAURENTINO');
insert into cidades values(5665,18,'PICOS');
insert into cidades values(5666,18,'PIMENTEIRAS');
insert into cidades values(5667,18,'PIO IX');
insert into cidades values(5668,18,'PIRACURUCA');
insert into cidades values(5669,18,'PIRIPIRI');
insert into cidades values(5670,18,'PORTO');
insert into cidades values(5671,18,'PORTO ALEGRE DO PIAUÍ');
insert into cidades values(5672,18,'PRATA DO PIAUÍ');
insert into cidades values(5673,18,'QUEIMADA NOVA');
insert into cidades values(5674,18,'REDENÇÃO DO GURGUÉIA');
insert into cidades values(5675,18,'REGENERAÇÃO');
insert into cidades values(5676,18,'RIACHO FRIO');
insert into cidades values(5677,18,'RIBEIRA DO PIAUÍ');
insert into cidades values(5678,18,'RIBEIRO GONÇALVES');
insert into cidades values(5679,18,'RIO GRANDE DO PIAUÍ');
insert into cidades values(5680,18,'SANTA CRUZ DO PIAUÍ');
insert into cidades values(5681,18,'SANTA CRUZ DOS MILAGRES');
insert into cidades values(5682,18,'SANTA FILOMENA');
insert into cidades values(5683,18,'SANTA LUZ');
insert into cidades values(5684,18,'SANTA ROSA DO PIAUÍ');
insert into cidades values(5685,18,'SANTANA DO PIAUÍ');
insert into cidades values(5686,18,'SANTO ANTÔNIO DE LISBOA');
insert into cidades values(5687,18,'SANTO ANTÔNIO DOS MILAGRES');
insert into cidades values(5688,18,'SANTO INÁCIO DO PIAUÍ');
insert into cidades values(5689,18,'SÃO BRAZ DO PIAUÍ');
insert into cidades values(5690,18,'SÃO FÉLIX DO PIAUÍ');
insert into cidades values(5691,18,'SÃO FRANCISCO DE ASSIS DO PIAUÍ');
insert into cidades values(5692,18,'SÃO FRANCISCO DO PIAUÍ');
insert into cidades values(5693,18,'SÃO GONÇALO DO GURGUÉIA');
insert into cidades values(5694,18,'SÃO GONÇALO DO PIAUÍ');
insert into cidades values(5695,18,'SÃO JOÃO DA CANABRAVA');
insert into cidades values(5696,18,'SÃO JOÃO DA FRONTEIRA');
insert into cidades values(5697,18,'SÃO JOÃO DA SERRA');
insert into cidades values(5698,18,'SÃO JOÃO DA VARJOTA');
insert into cidades values(5699,18,'SÃO JOÃO DO ARRAIAL');
insert into cidades values(5700,18,'SÃO JOÃO DO PIAUÍ');
insert into cidades values(5701,18,'SÃO JOSÉ DO DIVINO');
insert into cidades values(5702,18,'SÃO JOSÉ DO PEIXE');
insert into cidades values(5703,18,'SÃO JOSÉ DO PIAUÍ');
insert into cidades values(5704,18,'SÃO JULIÃO');
insert into cidades values(5705,18,'SÃO LOURENÇO DO PIAUÍ');
insert into cidades values(5706,18,'SÃO LUÍS DO PIAUÍ');
insert into cidades values(5707,18,'SÃO MIGUEL DA BAIXA GRANDE');
insert into cidades values(5708,18,'SÃO MIGUEL DO FIDALGO');
insert into cidades values(5709,18,'SÃO MIGUEL DO TAPUIO');
insert into cidades values(5710,18,'SÃO PEDRO DO PIAUÍ');
insert into cidades values(5711,18,'SÃO RAIMUNDO NONATO');
insert into cidades values(5712,18,'SEBASTIÃO BARROS');
insert into cidades values(5713,18,'SEBASTIÃO LEAL');
insert into cidades values(5714,18,'SIGEFREDO PACHECO');
insert into cidades values(5715,18,'SIMÕES');
insert into cidades values(5716,18,'SIMPLÍCIO MENDES');
insert into cidades values(5717,18,'SOCORRO DO PIAUÍ');
insert into cidades values(5718,18,'SUSSUAPARA');
insert into cidades values(5719,18,'TAMBORIL DO PIAUÍ');
insert into cidades values(5720,18,'TANQUE DO PIAUÍ');
insert into cidades values(5721,18,'TERESINA');
insert into cidades values(5722,18,'UNIÃO');
insert into cidades values(5723,18,'URUÇUÍ');
insert into cidades values(5724,18,'VALENÇA DO PIAUÍ');
insert into cidades values(5725,18,'VÁRZEA BRANCA');
insert into cidades values(5726,18,'VÁRZEA GRANDE');
insert into cidades values(5727,18,'VERA MENDES');
insert into cidades values(5728,18,'VILA NOVA DO PIAUÍ');
insert into cidades values(5729,18,'WALL FERRAZ');

insert into bairros values(48363,4047,'ABADIA');
insert into bairros values(18954,4047,'NOSSA SENHORA LOURDES 26 A');
insert into bairros values(48939,4047,'PARQUE DAS LARANJEIRAS');
insert into bairros values(18447,4047,'VILA SÃO MARCOS');

insert into tipos_logradouros values(1,'AREA DESENVOLV.ECON.','ADE');
insert into tipos_logradouros values(2,'SERVIDÃO','SV');
insert into tipos_logradouros values(3,'ALAMEDA','AL.');
insert into tipos_logradouros values(4,'ANEL VIÁRIO','ANE');
insert into tipos_logradouros values(5,'ANTIGO','ANT');
insert into tipos_logradouros values(6,'AVENIDA','AV.');
insert into tipos_logradouros values(7,'BAIRRO','BA.');
insert into tipos_logradouros values(8,'BECO','BCO');
insert into tipos_logradouros values(9,'BR','BR');
insert into tipos_logradouros values(10,'CAPITÃO','CAP');
insert into tipos_logradouros values(11,'CHÁCARA','CHA');
insert into tipos_logradouros values(12,'CIDADE','CID');
insert into tipos_logradouros values(13,'CONJUNTO','CJ.');
insert into tipos_logradouros values(14,'COMUNIDADE','COM');
insert into tipos_logradouros values(15,'CORREDOR','COR');
insert into tipos_logradouros values(16,'CRUZAMENTO','CRZ');
insert into tipos_logradouros values(17,'CICLOVIA','CVI');
insert into tipos_logradouros values(18,'DISTRITO','DST');
insert into tipos_logradouros values(19,'ESQUINA','ESQ');
insert into tipos_logradouros values(20,'ESTRADA','EST');
insert into tipos_logradouros values(21,'FAZENDA','FAZ');
insert into tipos_logradouros values(22,'GLEBA','GLA');
insert into tipos_logradouros values(23,'JARDIM','JD.');
insert into tipos_logradouros values(24,'LINHA','LIN');
insert into tipos_logradouros values(25,'LOTEAMENTO','LOT');
insert into tipos_logradouros values(26,'CARGA','MDL');
insert into tipos_logradouros values(27,'MUNICÍPIO','MUN');
insert into tipos_logradouros values(28,'PRAÇA','PCA');
insert into tipos_logradouros values(29,'PARQUE','PQ.');
insert into tipos_logradouros values(30,'PRAIA','PRA');
insert into tipos_logradouros values(31,'QUADRA','QUA');
insert into tipos_logradouros values(32,'CARGA','R');
insert into tipos_logradouros values(33,'RECREIO','REC');
insert into tipos_logradouros values(34,'RESIDENCIAL','RES');
insert into tipos_logradouros values(35,'RODOVIA','ROD');
insert into tipos_logradouros values(36,'RUA','RUA');
insert into tipos_logradouros values(37,'SUPER QUADRA NORTE','SQN');
insert into tipos_logradouros values(38,'SÍTIO','ST.');
insert into tipos_logradouros values(39,'TRAVESSA','TRA');
insert into tipos_logradouros values(40,'TRECHO','TRE');
insert into tipos_logradouros values(41,'TRAVESSIA','TRV');
insert into tipos_logradouros values(42,'VIA','VIA');
insert into tipos_logradouros values(43,'VILA','VLA');
insert into tipos_logradouros values(44,'MDL','MDL');
insert into tipos_logradouros values(45,'SETOR','ST');
insert into tipos_logradouros values(46,'ESTÂNCIA','ES.');
insert into tipos_logradouros values(47,'EIDIFÍCIO','ED.');
insert into tipos_logradouros values(48,'TERMINAL','TER');
insert into tipos_logradouros values(49,'SETOR','SE.');
insert into tipos_logradouros values(50,'PROLONGAMENTO','PRO');
insert into tipos_logradouros values(51,'ESTAÇÃO TRANSFORMADORA','ESTAÇÃO TRANSFORMADORA');
insert into tipos_logradouros values(52,'ENTRADA PARTICULAR','ENTRADA PARTICULAR');
insert into tipos_logradouros values(53,'LAGOA','LAGOA');
insert into tipos_logradouros values(54,'ANTIGA ESTAÇÃO','ANTIGA ESTAÇÃO');
insert into tipos_logradouros values(55,'ÁREA','ÁREA');
insert into tipos_logradouros values(56,'FAVELA','FAVELA');
insert into tipos_logradouros values(57,'LADEIRA','LADEIRA');
insert into tipos_logradouros values(58,'VIELA','VIELA');
insert into tipos_logradouros values(59,'ACESSO','ACESSO');
insert into tipos_logradouros values(60,'PONTE','PONTE');
insert into tipos_logradouros values(61,'PASSARELA','PASSARELA');
insert into tipos_logradouros values(62,'LARGO','LARGO');
insert into tipos_logradouros values(63,'ILHA','ILHA');
insert into tipos_logradouros values(64,'MARGINAL','MARGINAL');
insert into tipos_logradouros values(65,'BOSQUE','BOSQUE');
insert into tipos_logradouros values(66,'BOULEVARD','BOULEVARD');
insert into tipos_logradouros values(67,'CONDOMÍNIO','CONDOMÍNIO');
insert into tipos_logradouros values(68,'CALÇADÃO','CALÇADÃO');
insert into tipos_logradouros values(69,'RAMAL','RAMAL');
insert into tipos_logradouros values(70,'PASSAGEM','PASSAGEM');
insert into tipos_logradouros values(71,'VIADUTO','VIADUTO');
insert into tipos_logradouros values(72,'RECANTO','RECANTO');
insert into tipos_logradouros values(73,'ALTO','ALTO');
insert into tipos_logradouros values(74,'PÁTIO','PÁTIO');
insert into tipos_logradouros values(75,'TÚNEL','TÚNEL');
insert into tipos_logradouros values(76,'COMPLEXO','COMPLEXO');
insert into tipos_logradouros values(77,'GALERIA','GALERIA');
insert into tipos_logradouros values(78,'VEREDA','VEREDA');
insert into tipos_logradouros values(79,'ROTATÓRIA','ROTATÓRIA');
insert into tipos_logradouros values(80,'BULEVAR','BULEVAR');
insert into tipos_logradouros values(81,'BLOCOS','BLOCOS');
insert into tipos_logradouros values(82,'PASSEIO','PASSEIO');
insert into tipos_logradouros values(83,'ESCADA','ESCADA');
insert into tipos_logradouros values(84,'CALÇADA','CALÇADA');
insert into tipos_logradouros values(85,'MORRO','MORRO');
insert into tipos_logradouros values(86,'ESPLANADA','ESPLANADA');
insert into tipos_logradouros values(87,'VALE','VALE');
insert into tipos_logradouros values(88,'CAIS','CAIS');
insert into tipos_logradouros values(89,'LAGO','LAGO');
insert into tipos_logradouros values(90,'RÓTULA','RÓTULA');
insert into tipos_logradouros values(91,'MONTE','MONTE');
insert into tipos_logradouros values(92,'SERVIDÃO','SERVIDÃO');
insert into tipos_logradouros values(93,'CONTORNO','CONTORNO');
insert into tipos_logradouros values(94,'NÚCLEO','NÚCLEO');
insert into tipos_logradouros values(95,'CÓRREGO','CÓRREGO');
insert into tipos_logradouros values(96,'RUELA','RUELA');
insert into tipos_logradouros values(97,'ADRO','ADRO');
insert into tipos_logradouros values(98,'COLÔNIA','COLÔNIA');
insert into tipos_logradouros values(99,'RETORNO','RETORNO');
insert into tipos_logradouros values(100,'VARIANTE','VARIANTE');
insert into tipos_logradouros values(101,'CANAL','CANAL');
insert into tipos_logradouros values(102,'SETOR','SETOR');
insert into tipos_logradouros values(103,'TREVO','TREVO');
insert into tipos_logradouros values(104,'ESTACIONAMENTO','ESTACIONAMENTO');
insert into tipos_logradouros values(105,'UNIDADE','UNIDADE');
insert into tipos_logradouros values(106,'PORTO','PORTO');
insert into tipos_logradouros values(107,'ELEVADA','ELEVADA');
insert into tipos_logradouros values(108,'EIXO','EIXO');
insert into tipos_logradouros values(109,'BELVEDERE','BELVEDERE');
insert into tipos_logradouros values(110,'BLOCO','BLOCO');
insert into tipos_logradouros values(111,'ESTAÇÃO','ESTAÇÃO');
insert into tipos_logradouros values(112,'PARALELA','PARALELA');
insert into tipos_logradouros values(113,'CAMPO','CAMPO');
insert into tipos_logradouros values(114,'ACAMPAMENTO','ACAMPAMENTO');
insert into tipos_logradouros values(115,'PONTA','PONTA');
insert into tipos_logradouros values(116,'ZIGUE-ZAGUE','ZIGUE-ZAGUE');
insert into tipos_logradouros values(117,'BAIXA','BAIXA');
insert into tipos_logradouros values(118,'OUTEIRO','OUTEIRO');
insert into tipos_logradouros values(119,'FORTE','FORTE');
insert into tipos_logradouros values(120,'PARADA','PARADA');
insert into tipos_logradouros values(121,'VALA','VALA');
insert into tipos_logradouros values(122,'ATALHO','ATALHO');
insert into tipos_logradouros values(123,'QUINTA','QUINTA');
insert into tipos_logradouros values(124,'JARDINETE','JARDINETE');
insert into tipos_logradouros values(125,'TRINCHEIRA','TRINCHEIRA');
insert into tipos_logradouros values(126,'MERCADO','MERCADO');
insert into tipos_logradouros values(127,'SUBIDA','SUBIDA');
insert into tipos_logradouros values(128,'DESCIDA','DESCIDA');
insert into tipos_logradouros values(129,'GRANJA','GRANJA');
insert into tipos_logradouros values(130,'ESTÁDIO','ESTÁDIO');
insert into tipos_logradouros values(131,'CIRCULAR','CIRCULAR');
insert into tipos_logradouros values(132,'FEIRA','FEIRA');
insert into tipos_logradouros values(133,'ARTÉRIA','ARTÉRIA');
insert into tipos_logradouros values(134,'EDIFÍCIO','EDIFÍCIO');
insert into tipos_logradouros values(135,'MARGEM','MARGEM');
insert into tipos_logradouros values(136,'FONTE','FONTE');
insert into tipos_logradouros values(137,'RAMPA','RAMPA');
insert into tipos_logradouros values(138,'DESVIO','DESVIO');
insert into tipos_logradouros values(139,'DIAGONAL','DIAGONAL');
insert into tipos_logradouros values(140,'PISTA LATERAL','PISTA LATERAL');
insert into tipos_logradouros values(141,'AEROPORTO','AEROPORTO');
insert into tipos_logradouros values(142,'MÓDULO','MÓDULO');
insert into tipos_logradouros values(143,'ENTRE QUADRA','ENTRE QUADRA');
insert into tipos_logradouros values(144,'CAMPUS','CAMPUS');
insert into tipos_logradouros values(145,'NÃO ENCONTRADO','NEC');
insert into tipos_logradouros values(146,'CAMINHO','CAMINHO');


insert into logradouros values(615086,6,4047,'ALFREDO DE FARIA');
insert into logradouros values(615087,36,4047,'ALICE MIZIARA PRATA');
insert into logradouros values(615088,36,4047,'ALISIO PRATA');
insert into logradouros values(615089,36,4047,'ALTAMIR ARAÚJO ROSO');
insert into logradouros values(615090,28,4047,'ALTAMIRA');
insert into logradouros values(615091,36,4047,'ALTINA SEVERINA GOMES');
insert into logradouros values(615092,36,4047,'ALTIVA LEAL MANZAN');
insert into logradouros values(615093,36,4047,'ÁLVARO DA COSTA MELO JÚNIOR');
insert into logradouros values(620089,36,4047,'SEBASTIÃO ALVES TEODORO');
insert into logradouros values(620090,36,4047,'SEBASTIÃO BRAZ');
insert into logradouros values(620091,36,4047,'SEBASTIÃO DE MOURA');
insert into logradouros values(620092,36,4047,'SEBASTIÃO DELDUQUE');
insert into logradouros values(620093,36,4047,'SEBASTIÃO FIRMINO DE ABREU');
insert into logradouros values(620094,36,4047,'SEBASTIÃO FRANCISCO DUTRA');
insert into logradouros values(620095,36,4047,'SEBASTIÃO GOMES DA SILVA');
insert into logradouros values(620096,36,4047,'SEBASTIÃO RIBEIRO REZENDE');
insert into logradouros values(620370,36,4047,'ESPLANADA');
insert into logradouros values(620371,36,4047,'ESTANHO');
insert into logradouros values(620372,36,4047,'ESTELITA NAVES JUNQUEIRA');
insert into logradouros values(620373,28,4047,'ESTEVÃO PUCCI');
insert into logradouros values(620374,36,4047,'ESTHERINA ROSSI');
insert into logradouros values(620375,36,4047,'ESTRELA DO SUL');





@Valid
	@NotNull
	private PessoasInput pessoa;
	
	
	@NotNull
	private Long numero;
	private String complemento;
	private BigDecimal taxa;
	private OffsetDateTime cadastro;
	